"删除 Bagapie 数组修饰符"," Remove Bagapie Array modifiers "
"删除 Bagapie 阵列","Remove Bagapie Array"
"使用选定的对象创建一个数组","Create an array with the selected object (s)"
"大批","Array"
"数组类型","Array Type"
"数数","Count"
"计数 X","Count X"
"Y 县","Count Y"
"环数","Ring Count"
"恒定距离","Constant Distance"
"相对偏移","Relative Offset"
"相对偏移 X","Relative Offset X"
"相对偏移 Y","Relative Offset Y"
"恒定偏移","Constant Offset"
"恒定偏移 X","Constant Offset X"
"恒定偏移 Y","Constant Offset Y"
"半径","Radius"
"环偏移","Rings Offset"
"环偏移 Z","Rings Offset Z"
"长度","Length"
"随机位置","Random Position"
"随机旋转","Random Rotation"
"随机比例","Random Scale"
"对齐中心","Align to Center"
"需要对齐的向量","Vector to be Aligned"
"中级 X","Midlevel X"
"中级 Y","Midlevel Y"
"旋转","Rotation"
"使用恒定距离","Use Constant Distance"
"使用计数","Use Count"
"种子","Seed"
"BagaArray_","BagaArray_"
"在网格上绘制数组","Draw Array on mesh"
"绘制数组","Draw Array"
"BagaArray_Draw_Assets","BagaArray_Draw_Assets"
"内置绘制","builtin.draw"
" 根据资产浏览器导入和使用资产"," import and use assets based on the asset browser "
"导入资产浏览器","import asset browser"
"进口","import"
" 删除 Bagapie Beam Wire 修改器"," Remove Bagapie Beam Wire modifiers "
"移除 Bagapie 梁线","Remove Bagapie Beam Wire"
"创建梁线","Create Beam Wire"
" 删除 Bagapie Beam 修改器"," Remove Bagapie Beam modifiers "
"移除 Bagapie Beam","Remove Bagapie Beam"
"创建光束 H","Create Beam H"
"删除 Bagapie 布尔修饰符","Remove Bagapie Boolean modifiers"
"移除 Bagapie 置换","Remove Bagapie Displace"
"允许您在选定的对象上创建布尔值","Allows you to create booleans on the selected object"
"布尔值","Boolean"
"使用自身","Use Self"
"段数","Segment Count"
"斜面尺寸","Bevel Size"
"十","X"
"是","Y"
"是","Z"
"解算器","Solver"
"类型","Type"
"固化","Solidify"
"固化偏移","Solidify Offset"
"细分","Segments"
"巴加布尔","BagaBool"
"巴嘎斜面","BagaBevel"
"BagaPie_Bool_","BagaPie_Bool_"
"巴加迪斯","BagaDisp"
"BagaBevelObj","BagaBevelObj"
"BagaSolidify","BagaSolidify"
"巴加镜","BagaMirror"
"内置.primitive_cube_add","builtin.primitive_cube_add"
" 删除 Bagapie 电缆修改器"," Remove Bagapie Cable modifiers "
"移除 Bagapie 电缆","Remove Bagapie Cable"
"添加电缆","Add Cable"
" 删除 Bagapie 相机剔除"," Remove Bagapie Camera Culling "
"删除 Bagapie 相机剔除","Remove Bagapie Camera Culling"
"添加相机剔除","Add Camera Culling"
"BagaPie_相机_剔除","BagaPie_Camera_Culling"
" 删除 Bagapie 列修饰符"," Remove Bagapie Column modifiers "
"删除 Bagapie 列","Remove Bagapie Column"
"创建列","Create Column"
" 删除 Bagapie 墙修改器"," Remove Bagapie Wall modifiers "
"删除曲线上的 Bagapie 数组","Remove Bagapie Array On Curve"
"在活动物体上创建所选物体的数组（必须是曲线）。最后选择曲线。注意：此功能应用变换并删除多用户数据","Creates an array of the selected object on the active object (it must be a curve). Select the curve last. Note: This function applies the transform and remove the multi-user data"
"距离","Distance"
"基于实例的大小的对象之间的距离。","Distance between objects based on the size of the instance."
"物体之间的距离恒定。","Constant distance between objects."
"方向","Dirrection"
"巴加阵列","BagaArray"
"巴加曲线","BagaCurve"
"删除 Bagapie 置换修改器","Remove Bagapie Displace modifiers"
"在选定对象上添加带有纹理和细分的位移","Add displacement with texture and subdivision on the selected object"
"力量","Strength"
"中级","Midlevel"
"纹理类型","Texture Type"
"纹理映射","Texture Mapping"
"纹理比例","Texture Scale"
"ColorRamp 最小值","ColorRamp Min"
"ColorRamp Max","ColorRamp Max"
"简单细分","Simple Subdivision"
"细分数","Subdiv Count"
"巴加细分","BagaSubdiv"
"BagaDisplace","BagaDisplace"
"BagaPie_纹理","BagaPie_Texture"
" 删除 Bagapie 栅栏修改器"," Remove Bagapie Fence modifiers "
"移除 Bagapie 围栏","Remove Bagapie Fence"
"添加围栏","Add Fence"
" 删除 Bagapie 地板修改器"," Remove Bagapie Floor modifiers "
"移除 Bagapie 地板","Remove Bagapie Floor"
"创建螺旋楼梯","Create Spiral Stair"
" 为选定的包创建新的资产库"," Create new asset library for the selected pack "
"创建资产库","Create Asset Library"
"资产","Assets"
"将混合文件添加到包库","Add blend file to the pack library"
"打开文件资源管理器","Open File Explorer"
"饼图可见性","pieVisibility"
"在饼形菜单中切换此修改器的可见性","Toggle this Modifier visibility in the Pie menu"
"已启用","Enabled"
"切换此修改器选项","Toggle this Modifier options"
"姓名","name"
"标识符","identifier"
"描述","description"
"小路","path"
"配置","config"
"在饼形菜单中切换此 GeoPack 的可见性","Toggle this GeoPack visibility in the Pie menu"
"切换此 GeoPack 选项","Toggle this GeoPack options"
"切换此 GeoPack 信息部分","Toggle this GeoPack Info section"
"切换此 GeoPack Modifier 部分","Toggle this GeoPack Modifier section"
"切换此 GeoPack 资产部分","Toggle this GeoPack Assets section"
"扫描修饰符","scanModifiers"
"修饰符列表","Modifiers List"
"返回 Blender 中当前活动的几何节点。","Returns the currently active geometry node in Blender."
"返回 Blender 中当前活动的几何节点修改器。","Returns the currently active geometry node modifier in Blender."
" 删除 GeoPack"," Delete a GeoPack "
"删除 Geopack","Delete a Geopack"
"包装名称","packName"
"包装识别符","packIdentifier"
"取消","cancel"
"申请","apply"
"确认","confirm"
"与此包相关的所有资产也将丢失。","ALL ASSETS linked to this pack will also be LOST."
"此操作无法撤消。","This operation cannot be undone."
"（确保您有一份副本）","(Make sure you have a copy)"
"是的，我","Yes, I"
"好的","OK"
"取消","Cancel"
" 删除 GeoPack 修改器"," Delete a GeoPack Modifier "
"删除 Geopack 修改器","Delete a Geopack Modifier"
"修饰符标识符","modifierIdentifier"
"修饰符名称","modifierName"
" 创建新的 GeoPack"," Create New GeoPack "
"新的 GeoPack 修改器","New GeoPack Modifier"
" 创建新的 GeoPack 修改器"," Create New GeoPack Modifier "
"选择修改器","Select Modifier"
" 根据资产浏览器选择导入资产并使用 geopack 工具（左）"," Import assets based on the asset browser selection and use the geopack tool (left) "
"从资产浏览器导入","import from asset browser"
"没有任何","None"
" 指定 GeoPack 修改器"," Assign GeoPack Modifier "
"将 GeoPack 修改器分配给当前对象","Assign GeoPack Modifier to the current object"
"内置画笔.add","builtin_brush.add"
"modifier_data_export_items0","modifier_data_export_items0"
"modifier_data_export_items1","modifier_data_export_items1"
"modifier_data_export_items2","modifier_data_export_items2"
"modifier_data_keep_default0","modifier_data_keep_default0"
"modifier_data_keep_default1","modifier_data_keep_default1"
"modifier_data_keep_default2","modifier_data_keep_default2"
"modifier_data_is_asset0","modifier_data_is_asset0"
"modifier_is_asset1","modifier_is_asset1"
"modifier_data_is_asset2","modifier_data_is_asset2"
"data_into_tooltip","data_into_tooltip"
"未选择修饰符","No modifier selected"
"添加至包装：","Add to pack :"
"修饰符：","Modifier : "
"请重命名您的节点树。","Please, rename your node tree."
"覆盖","Override"
"信息","Info"
"用法","Usage"
"数据","Data"
"修饰符名称","Modifier name"
"作者","Author(s)"
"描述","Description"
"修改器版本（例如：1.0.0）","Modifier Version (e.g : 1.0.0)"
"最低限度的 Blender 版本","Minimal Blender version"
"接触","Contact"
"网址","URL"
"NodeTree 许可证","NodeTree License"
"定义修改器的工作方式。","Define how the Modifier works."
"活动对象必须是：","Active Object Must Be :"
"新对象类型：","New object type :"
"切换到编辑模式并启用添加立方体工具","Switch to Edit Mode and enable Add Cube tool"
"切换到绘制曲线模式","Switch to draw curve mode"
"曲线模式：","Curve Mode :"
"2D","2D"
"3D","3D"
"曲线投影：","Curve Projection :"
"光标","Cursor"
"表面","Surface"
"切换到重量绘制","Switch to Weight Paint"
"添加头发曲线","Add Hair Curves"
"未找到属性输入","No attribute input found"
"将创建一个新的 Vertex 组","A new Vertex group will be created"
"Verter 组名称：","Verter Group Name :"
"逆变器组输入：","Verter Group Input :"
"头发长度","Hair Length"
"发点","Hair Point"
"头发数量","Hair Count"
"使用选择","Use Selection"
"允许资产浏览器选择","Allow asset browser selection"
"选定的对象必须是：","Selected object(s) Must be :"
"网","Mesh"
"曲线","Curve"
"相机","Camera"
"空的","Empty"
"文本","Text"
"体积","Volume"
"光","Light"
"未找到集合输入","No Collection input found"
"集合名称","Collection Name"
"集合输入","Collection Input"
"你的修饰符将如何工作：","How your modifier will work :"
"- 活动对象将接收修改器","- Active object will receive the modifier "
"  并切换到重量绘制，","  and switch to Weight Paint, "
"  并将创建一个新的顶点组，","  and a new vertex group will be created,"
"  并且它将被分配给：","  and it will be assigned to :"
"  ","  "
"  未选择输入","  No input selected"
"- 将创建一个新的头发对象","- A new Hair Object will be created"
"  并将收到修饰符","  and will receive the modifier"
"- 活动对象将接收修改器","- Active object will receive the modifier"
"- 全新","- A new "
"- 选定的对象将链接到名为的新文件夹：","- Selected objects will be linked to new coll named :"
"- 新的集合将在输入中设置：","- The new collection will be set in the input :"
"信息！","Info !"
"你的修改器可能包含数据（Obj、Mat、Coll）。","Your modifier may contain data (Obj, Mat, Coll)."
"您可以选择使用修改器来保存这些。","You can choose to save these with the modifier."
"传奇：","Legend:"
"修饰符输入：","Modifier Inputs:"
"   数据 = 当前在输入中设置的 Obj/Mat/Coll 的名称。","   Data = Name of Obj/Mat/Coll currently set in the input."
"   输入 = 输入名称和类型。","   Input = Input name and type."
"   保存 = 保存当前输入数据。","   Save = Saves the current input Data."
"默认值：","Default Val:"
"   保留或删除默认值的选项（Obj/Mat/Coll）。","   Options to keep or remove default values (Obj/Mat/Coll)."
"   清除 = 删除输入","   Purge = Removes the input"
"是资产：","Is Asset:"
"   将当前在输入中设置的数据标记为资产。","   Marks data currently set in the input as an asset."
"   不会生成预览！","   Preview will NOT be generated!"
"更多信息！","More info !"
"直接在节点树中设置数据","Data set directly in the node tree"
"将与节点树一起保存。","will be saved with the Node Tree."
"修饰符输入中的数据集将是","Data set in modifier inputs will be"
"单独保存为混合文件。","saved separately as blend files."
"它们将被存储在 GeoPack 中。","They will be stored in the GeoPack."
"如果某个对象已经保存（例如 Cube.001），","If an object has already been saved (e.g. Cube.001),"
"它不会被再次保存（基于名称）。","it will not be saved again (name based)."
"此方法可以防止重复保存数据。","This method prevents duplicate data saving."
"GeoPack 将跟踪每个输入","GeoPack will track each input"
"并在使用修饰符时恢复它们。","and restore them when the modifier is used."
"修饰符输入","Modifier Inputs"
"默认值","Default Val"
"是资产","Is Asset"
"数据：  ","Data:  "
"输入：","Input: "
"节省","Save"
"清除","Purge"
"回收所有收藏品和收藏品。","Récupère tous les objets d'une collection et de ses sous-collections."
"空网格","EmptyMesh"
"空曲线","EmptyCurve"
"空发曲线","EmptyHairCurve"
"切换数据","Toggle Data"
"复印机","Copier l"
"档案之书","Dossier Cible"
"删除图标","Delete Icon"
"图片名称","image_name"
"BagaPie 地质包","BagaPie GeoPack"
"未检测到任何包裹","No packs detected"
"设置 GeoPack 位置或安装包","Setup GeoPack Location or Install Pack"
"转到编辑 > 首选项 > Bagapie > GeoPack","Go to Edit > Preferences > Bagapie > GeoPack"
"BAGAPIE_MT_geopack_select_modifier","BAGAPIE_MT_geopack_select_modifier"
"将所有包移至新位置","Move all packs to a new location"
"新地点","New Location"
" 取消所选组的组合"," Ungroup the selected group "
"取消群组","Ungroup"
"将选定对象分组。将创建一个边界框，并且对象不再可选。使用“编辑”使它们可选。","Group selected objects. A bounding box is created and the objects are no longer selectable. Use Edit to make them selectable."
"团体","Group"
"BagaPie_Group_BoundBox","BagaPie_Group_BoundBox"
"编辑选定的组","Edit selected group"
"編輯組","Edit Group"
"使组对象不可选择","Make group objects non selectable"
"锁组","Lock Group"
"复制组","Duplicate Group"
"重复群组 witk 链接","Duplicate Group witk link"
"复制链接组","Duplicate Linked Group"
"删除群组及其内容","Delete group and it's content"
"删除组","Delete Group"
" 删除 Bagapie 扶手修改器"," Remove Bagapie Handrail modifiers "
"移除 Bagapie 扶手","Remove Bagapie Handrail"
"添加扶手","Add Handrail"
" 没有任何"," NONE "
"导入节点","Import Nodes"
"BagaPie_Array_Line","BagaPie_Array_Line"
"安装BagaPie Pack","Install a BagaPie Pack"
"安装 BagaPie 资产包","Install BagaPie Assets Pack"
"更换包","Replace pack"
"BagaPie 资产","BagaPie Assets"
"设置 BagaPie 包位置","Set BagaPie Package Location"
"设置 BagaPie Geopacks 位置","Set BagaPie Geopacks Location"
"设置位置","Set Location"
"导出 BagaPie Geopack","Export a BagaPie Geopack"
"出口地质包装","Export Geopack"
"导入 BagaPie Geopack","Import a BagaPie Geopack"
"导入 Geopack","Import Geopack"
" 删除 Bagapie 实例置换修改器"," Remove Bagapie Instance Displace modifiers "
"移除 Bagapie 墙砖","Remove Bagapie Wall Brick"
"创建 Bagapie 实例置换","Create Bagapie Instance Displace"
"实现真实","Make Real"
"从选定对象的边缘或曲线创建墙壁","Creates walls from the edges of the selected object or from curves"
" 移除 Bagapie Ivy"," Remove Bagapie Ivy "
"移除 Bagapie Ivy","Remove Bagapie Ivy"
"创建常春藤。每个顶点都会生成一个新的常春藤。","Create Ivy. Each vertices generate a new ivy."
"常春藤家长","Ivy_Parent"
"在选定的 ivy 中创建一个新的 ivy 源。目标和 serrtings 将被共享","Create a new ivy source in the selected ivy. Target and serrtings will be shared"
"简单情态运算符","Simple Modal Operator"
"将选定对象添加到目标集合中。选择目标对象，然后选择 Ivy","Add selected object in target collection. Select Target Object then Ivy"
"添加对象目标","Add Object Target"
"从目标集合中移除选定对象。选择目标对象，然后选择 Ivy","Remove selected object from target collection. Select Target Object then Ivy"
"移除对象目标","Remove Object Target"
"BagaPie_Ivy_来源_","BagaPie_Ivy_Source_"
"应用常春藤修改器","Apply Ivy Modifier"
"申请常春藤","Apply Ivy"
"将创建大约 {} 个多边形。","About {} polygons will be created."
"继续 ？","Continue ?"
"根据常春藤的父级（空对象）移除常春藤。","Remove ivy based on his parent (Empty Object)."
"移除单枝常春藤","Remove Single Ivy"
" 删除 Bagapie Pipes 修饰符"," Remove Bagapie Pipes modifiers "
"移除 Bagapie 管道","Remove Bagapie Pipes"
"添加管道","Add Pipes"
" 删除 Bagapie Point Effector 修改器"," Remove Bagapie Point Effector modifiers "
"移除 Bagapie 点效应器","Remove Bagapie Point Effector"
"BagaPie_Effector","BagaPie_Effector"
" 删除 Bagapie Point Snap 实例"," Remove Bagapie Point Snap Instance "
"删除 Bagapie Point Snap 实例","Remove Bagapie Point Snap Instance"
"在选定的网格表面上的每个点击处添加实例","Add instance at each clic on the selected mesh surface"
" 删除 Bagapie 代理修饰符"," Remove Bagapie Proxy modifiers "
"删除 Bagapie 代理","Remove Bagapie Proxy"
"创建仅在视口中可见的凸包","Create convex hull visible only in the viewport"
"在一个或多个选定对象上找到代理","Proxy found on one or more of the selected objects"
"在选定的对象上禁用代理？","Disable proxy on selected objects ?"
"BagaPie_Proxy","BagaPie_Proxy"
"将选定的对象另存为资产（预览生成可能会失败）","Save as asset the selected object (preview generation may fail)"
"选择库","Select Library"
"具有相同名称的对象已存在。","Object with the same name already exist."
"新名称","New name"
"此名称已存在。","This name already exist."
"该资产将取代现有资产。","This asset will replace the existing one."
"現在名字：","Current name : "
"替换现有资产。","Replace existing asset."
"如果启用了替换，","If replace is enabled,"
"如果同名资产已经存在，","and if an asset of the same name already exists,"
"它将被这项新资产取代。","it will be replaced by this new asset."
"保存选定对象的活动材料（预览生成可能会失败）","Save active material from selected object (preview generation may fail)"
"具有相同名称的材质已存在。","Material with the same name already exist."
"新名称","New Name"
"启用/禁用库","Enable/Disable Library"
"使用库","Use Library"
" 删除 Bagapie Scatter Paint 修改器"," Remove Bagapie Scatter Paint modifiers "
"去除 Bagapie 散漆","Remove Bagapie Scatter Paint"
"通过在活动对象（最后选定的对象）上绘制选定对象来实例化选定对象。此函数的精度取决于网格的密度","Instantiates selected objects by painting them on the active object (the last selected). The precision of this function depends on the density of the mesh"
"最小距离","Distance Min"
"密度","Density"
"最小缩放","Scale Min"
"最大缩放","Scale Max"
"随机旋转","Randomize Rotation"
"对齐法线","Align to Normal"
"巴加维尔集团","BagaVertGrp"
"BagaPie_ScatterPaint","BagaPie_ScatterPaint"
"顶点组","Vertex Group"
"BagaScatter","BagaScatter"
"散点组输入","Scatter Group Input"
"散点组输出","Scatter Group Output"
"连接层","Join Layer"
" 删除 Bagapie Scatter 修改器"," Remove Bagapie Scatter modifiers "
"移除 Bagapie 散射","Remove Bagapie Scatter"
"将选定的对象分散到活动对象（最后选定的对象）","Scatter selected objects to the active object (last selected)"
"性能优化：","Performance optimization :"
"分散创建","Scatter create "
"使用代理","Use Proxy"
"显示的实例（百分比）","Displayed Instances in %"
"一个或多个对象多边形数量超出偏好设置的限制","One or more object polycount surpasses limit in preferences"
"代理将自动应用于它们。","Proxy will be auto-applied on them."
"禁用方法：插件面板 > Scatter > Proxy","To disable: Addon Panel > Scatter > Proxy"
"使用相机剔除","Use Camera Culling"
"分散创建  ","Scatter create  "
"不适用您的目标规模。","The scale of your target is not applied."
"应用比例","Apply Scale"
"影响粒子数量并避免实例变形。","Affects particules count and avoid instances deformation."
"BagaPie_Scatter","BagaPie_Scatter"
"BagaPie_Scatter_Main","BagaPie_Scatter_Main"
"插座_{}","Socket_{}"
"使用属性","Use Property"
"在集合中启用/禁用代理","Enable/Disable Proxy in collection"
"在资产上使用代理","Use Proxy On Assets"
"启用/禁用/添加相机剔除","Enable/Disable/Add Camera Culling"
"应用散射修改器","Apply Scatter Modifier"
"应用散点图","Apply Scatter"
"所有散射层都将被转换。","All scatter layers will be converted."
"转换为网格","Convert To Mesh"
"让实例真实化","Make Instances Real"
"推荐的选项。","Recommended option."
"将应用所有散射层。","All scatter layers will be applied."
"实例将被转换成对象。","Instances will be converted into objects."
"所有实例都将合并为一个网格。","All instances will be merged into a single mesh."
"警告 ：","Warning :"
"将网格 UV 转换为属性。","Convert to mesh turn UVs to Attribute."
"您可以在属性面板中恢复 UV：","You can restore UVs in the attribute panel :"
"对象数据特性 > 属性","Object Data Properties > Attributes"
"另外，请注意多边形数量。","Also, pay attention to the polycount."
" 删除 Bagapie Siding 修改器"," Remove Bagapie Siding modifiers "
"移除 Bagapie 壁板","Remove Bagapie Siding"
"在选定的网格上添加侧线生成器。仅在与 X/Y/Z 轴相切的面上。","Add Siding generator on the selected mesh. Only on tangent faces with X/Y/Z axis."
" 删除 Bagapie 线性楼梯修改器"," Remove Bagapie Linear Stair modifiers "
"移除 Bagapie 楼梯线性","Remove Bagapie Stair Linear"
"创建线性楼梯","Create Linear Stair"
" 删除 Bagapie 螺旋楼梯修饰符"," Remove Bagapie Spiral Stair modifiers "
"移除 Bagapie 楼梯螺旋","Remove Bagapie Stair Spiral"
" 删除 Bagapie Tiles 修改器"," Remove Bagapie Tiles modifiers "
"移除 Bagapie 瓷砖","Remove Bagapie Tiles"
"创建图块","Create Tiles"
" 删除 Bagapie 变形修改器"," Remove Bagapie Deform modifiers "
"移除 Bagapie 变形","Remove Bagapie Deform"
"巴嘎派","BagaPie"
"曲线变形","Curve Deform"
"画","Draw"
"资源浏览器","Asset Browser"
"建筑学","Architecture"
"散射","Scattering"
"散点画","Scatter Paint"
"Snap 资产","Snap Asset"
"形变","Deformation"
"效应器","Effector"
"无可用分散","No Scatter available"
"管理","Manage"
"教程","Tutorial"
"教程","Tutorials"
"文档","Documentation"
"BagaPie UIList。","BagaPie UIList."
"BagaPie 修改器","BagaPie Modifier"
"修饰符属性：","Modifier Properties :"
"墙高","Wall Height"
"壁厚","Wall Thickness"
"墙轴偏移","Wall Axis Offset"
"高度","Height"
"厚度","Thickness"
"材料 ：","Material :"
"行数","Row Count"
"行偏移","Row Offset"
"水平偏移","Horizontal Offset"
"翻动","Flip"
"随机的","Random"
"最小/最大位置","Position Min / Max"
"旋转最小值/最大值","Rotation Min / Max"
"缩放最小值/最大值","Scale Min / Max"
"规模","Scale"
"管道","Pipe"
"聚","Poly"
"配置文件解析","Profile Resolution"
"抵消","Offset"
"精确","Precision"
"解决","Resolution"
"斜角","Bevel"
"末端斜角","End Bevel"
"连接点","Junctions"
"深度","Depth"
"支持","Support"
"可能性","Probability"
"使用阀门","Use Valve"
"使用连接","Use Jonctions"
"使用支持","Use Support"
"使用管端","Use Pipe End"
"风俗 ：","Custom :"
"使用自定义阀门","Use Custom Valve"
"使用自定义连接","Use Custom Jonctions"
"支持自定义配置文件","Support Custom Profile"
"目标 ：","Target :"
"材料","Materials"
"连接点","Jonction"
"阀门","Valve"
"尖端","Tips"
"该修改器破坏了 UV。","This modifier break UVs."
"你仍然可以将 UV 作为属性","You can still get UVs as an attribute"
"一旦应用了修饰符：","Once the modifier is applied :"
"Prop > Obj 数据 Prop > 属性","Prop > Obj Data Prop > Attributes"
"边数","Sides Count"
"截面高度","Section Height"
"级别","Levels"
"直径","Diameter"
"对角线","Diagonal"
"光束","Beam"
"轮廓","Profile"
"三角测量","Triangulate"
"材料","Material"
"主要的","Main"
"台阶高度","Step Height"
"宽度","Width"
"特性","Properties"
"使用扶手","Use Handrail"
"使用玻璃","Use Glass"
"纵梁","Stringers"
"偏移 X","Offset X"
"偏移 Y","Offset Y"
"扶手","Handrail"
"栏杆半径","Balusters Radius"
"栏杆距离","Balusters Distance"
"扶手分辨率","Handrail Resolution"
"玻璃尺寸","Glass Size"
"玻璃偏移","Glass Offset"
"玻璃","Glass"
"栏杆","Baluster"
"斯特林格","Stringer"
"步","Step"
"瓦","Tile"
"程序","Procedural"
"风俗","Custom"
"宽度偏移","Width Offset"
"角瓦","Angle Tile"
"重新分区","Repartition"
"比艾斯","Biais"
"叠加X","Superposition X"
"叠加 Y","Superposition Y"
"移位 X","Shift X"
"角度","Angle"
"内部偏移量","Int Offset"
"斜角数","Bevel Count"
"尺寸","Size"
"混合","Blend"
"捻","Twist"
"顶点 X","Vertices X"
"顶点 Y","Vertices Y"
"使用自定义网格","Use Custom Mesh"
"台阶厚度","Step Thickness"
"倒置","Invert"
"左边","Left"
"正确的","Right"
"栏杆距离","Baluster Distance"
"玻璃高度","Glass Height"
"玻璃宽度","Glass Width"
"柱子","Column"
"大号","L"
"R","R"
"偏移 Z","Offset Z"
"模块长度","Module Length"
"玻璃","GLass"
"部分","Proportion"
"使用连接器","Use Connector"
"曲线分辨率","Curve Resolution"
"水平栏杆","Horizontal Baluster"
"玻璃连接器","Glass Connector"
"栅栏偏移","Fence Offset"
"墙","Wall"
"厚度均匀","Even Thickness"
"帽檐","Cap Flashing"
"自动平滑","Auto Smooth"
"垂直栅栏","Fence Vertical"
"端壁偏移","End Wall Offset"
"缩放随机","Scale Random"
"缩放 Z 轴随机","Scale Z Random"
"随机切线","Random Tangent"
"随机轴","Random Axis"
"木材柱","Timber Post"
"间距","Spacing"
"固定","Fixation"
"尺寸","Dimmensions"
"水平的","Horizontal"
"底部偏移","Base Offset"
"顶部偏移","Top Offset"
"满的","Full"
"金属丝","Wire"
"栅栏","Fence"
"主要支撑","Main Support"
"谢谢 ！","Thanks !"
"感谢 Zeroskilz。","Thanks to Zeroskilz."
"他创造了曲线到网格","He created the Curve to Mesh"
"均匀厚度节点！","Even Thickness node !"
"保持原始","Keep Original"
"X 轴","X Axis"
"Y 轴","Y Axis"
"Z 轴","Z Axis"
"形状","Shape"
"重力","Gravity"
"刚性","Rigidity"
"光滑的","Smooth"
"起始偏移","Start Offset"
"起始刚度","Start Rigidity"
"边缘碰撞","Edge Collision"
"简介","Profil"
"线缆数量","Cable Count"
"电缆半径","Cable Radius"
"随机化","Randomize"
"半径噪声","Radius Noise"
"半径噪波比例","Radius Noise Scale"
"每条曲线的半径","Radius per Curve"
"半径偏移","Radius offset"
"倾斜噪音","Tilt Noise"
"倾斜噪声比例","Tilt Noise Scale"
"戒指","Rings"
"使固定","Fix"
"曲线","Curves"
"位置","Position"
"环偏移","Ring Offset"
"环偏移 Z","Ring Offset Z"
"与向量对齐","Align to Vector"
"向量","Vector"
"目标","Target"
"对齐曲线","Align to Curve"
"分钟","Min"
"最大限度","Max"
"重命名图层","Rename Layer"
"最大密度","Density Max"
"% 视口显示","% Viewport Display"
"对齐法线","Align Normal"
"工具","Tools"
"选择图层","Select Layer"
"添加资产","Add Assets"
"来源 ：","Source :"
"查看 3D","View 3D"
"移除资产","Remove Assets"
"代理人","Proxy"
"相机剔除","Camera Culling"
"图层集合：","Layer Collection :"
"画 ！","Paint !"
"透明漆","CLEAR PAINT"
"反转油漆","INVERT PAINT"
"添加粒子","Add particles"
"去除颗粒","Remove particles"
"出口 ！","EXIT !"
"油漆分辨率取决于","Paint resolution depend"
"在你的表面分辨率上！","on your surface resolution !"
"如果有必要，","If necessary,"
"细分你的表面。","subdivide your surface."
"纹理蒙版","Texture Mask"
"事实","Fac"
"位置 ：","Position :"
"反转蒙版","Invert Mask"
"教程和资产！","Tuto & Assets !"
"散点图教程","Scatter Tutorial"
"获取 BagaPie 资产！","Get BagaPie Assets !"
"细分","Subdivision"
"细分渲染","Subdivision Render"
"置换","Displace"
"方向","Direction"
"质地","Texture"
"进入“纹理”选项卡。","Go in Texture tab."
"映射","Mapping"
"目的","Object"
"亮度","Brightness"
"斜坡最小值","Ramp Min"
"最大坡度","Ramp Max"
"添加","ADD"
"消除","REMOVE"
"清洁油漆","CLEAN PAINT"
"源集合","Source Collection"
"对齐 Z","Align Z"
"当前层：","Current Layer :"
"轴","Axis"
"使用相对偏移","Use Relative Offset"
"相对抵消","Ralative Offset"
"使用恒定偏移","Use Constant Offset"
"窗口大小","Window Size"
"窗口偏移","Window Offset"
"窗口斜面","Window Bevel"
"按距离合并","Merge by Distance"
"更多窗口！","More Window !"
"出口","EXIT"
"选择窗口的边界框","Selects the bounding box of the window"
"效应器集合：","Effector Collection :"
"最大距离","Distance Max"
"相机 ：","Camera :"
"X 比率","X Ratio"
"Y 比率","Y Ratio"
"剔除分辨率取决于","Culling resolution depend"
"布尔类型","Boolean Type"
"使用自身","Use self"
"孔容差","Hole Tolerant"
"布尔目标","Boolean Target"
"斜角段","Bevel Segments"
"布尔对象","Boolean Object"
"使用 Solidify","Use Solidify"
"禁用实体化","Disable Solidify"
"镜像 XYZ","Mirror XYZ"
"更多布尔值！","More Boolean !"
"将 Ivy 添加到 3D 光标","Add Ivy to 3D Cursor"
"常春藤","Ivy"
"螺旋","Spiral"
"电网项目","Grid Project"
"查看指南","View Guide"
"环形","Loop"
"屠杀","Decimate"
"发射面积","Emission Area"
"表面偏移","Surface Offset"
"常春藤随机位置","Ivy Random Position"
"收藏","Collections"
"资产","Asset"
"发射器","Emitter"
"添加实例","Add Instances"
"退出以停止","ESCAPE to Stop"
"信息来源","Source info"
"实例","Instances"
"草着色器：","Grass Shader :"
"材料","Material "
"饱和","Saturation"
"AO 白色","AO White"
"AO 距离","AO Distance"
"半透明","Translucent"
"色调强度","Tint Intensity"
"随机色调","Random Tint"
"随机亮度","Random Brightness"
"随机饱和度","Random Saturation"
"季节","Season"
"随机赛松","Random Saison"
"季节值高达 0.9","Season value up to 0.9"
"这个值增加了透明度。","This value add transparency."
"可能会增加渲染时间！","May increase render time !"
"减少季节或随机季节","Decrease Season or Random Season"
"镜面反射","Specular"
"粗糙度","Roughness"
"植物着色器：","Plant Shader :"
"颜色","Color"
"使用 AO","Use AO"
"地下","Subsurface"
"随机季节","Random Season"
"阿尔法","Alpha"
"岩石着色器：","Rock Shader :"
"着色","Tint"
"撞","Bump"
"临界点","Threshold"
"强度","Intensity"
"环境光遮蔽","Ambient Occlusion"
"AO（地图）","AO (Map)"
"AO 已禁用","AO disabled"
"AO 强度","AO Intensity"
"AO","AO"
"AO 色调","AO Tint"
"树着色器：","Tree Shader :"
"禁用 Alpha","Disable Alpha"
"树桩着色器：","Stump Shader :"
"噪声纹理","Noise Texture"
"噪音","Noise"
"强度 XYZ","Intensity XYZ"
"噪声位置 XYZ","Noise Position XYZ"
"复制：Alt + J","Duplicate : Alt + J"
"复制链接：Alt + N","Duplicate Linked : Alt + N"
"实例","Instance"
"不支持该对象","This object is not supported"
"仅限网格或曲线","Mesh or Curve Only"
"未选定对象","No Object Selected"
"缺少下划线","Underscore missing"
"尝试：B_","Try: B_"
"尝试：R_B_","Try: R_B_"
"尝试：RB_","Try: RB_"
"尝试：R_","Try: R_"
"另存为 GeoPack 修改器","Save as GeoPack Modifier"
"删除 ivy 的这一部分","Delete this part of ivy"
"按 J！","Press J !"
"Youtube 教程","Youtube Tutorial"
"BagaPie 文档","BagaPie Documentation"
"升级 BagaPie","Upgrade BagaPie"
"在视口中隐藏修改器","Hide modifier in viewport"
"隐藏视口","Hide Viewport"
"在渲染中隐藏修改器","Hide modifier in render"
"隐藏渲染","Hide Render"
"应用所有相关修饰符","Apply all related modifier"
"应用修饰符","apply.modifier"
"在制品","WIP"
"开关玻璃","switch.glass"
"格","G"
"导入或链接","Import or link"
"米","M"
"世界或光标","World or Cursor"
"开关GN输入","Switch GN input"
"开关按钮","switch.button"
"开关节点布尔输入","Switch Node Bool input"
"开关.boolnode","switch.boolnode"
"显示工具提示","Display a tooltips"
"显示切换","Display a toggle"
"切换","Toggle"
"编辑最后一个实例化对象的绘画","Edit the painting of the last instantiated object"
"切换对象模式","Switch Object Mode"
"内置选择框","builtin.select_box"
"启用/禁用固化修改器","Enable/Disable Solidify Modifier"
"反转画笔影响","Invert paint brush influence"
"反转权重绘制","Invert Weight Paint"
"反转油漆","Invert paint"
"反转权重值","Invert Weight Value"
"提起所有的画","Lift all the painting"
"清洁重量涂料","Clean Weight Paint"
"在资产浏览器中添加 BagaPie 的参数预设库","Add BagaPie's parametric presets library in the asset browser"
"安装 BagaPie","Install BagaPie"
"安装 BagaPie 资产作为资产库","Install BagaPie Assets as Asset Library"
"将资产添加到当前散点图层","Add asset to the current scatter layer"
"添加资产","Add Asset"
"将资产移除至当前散点层","Remove asset to the current scatter layer"
"移除资产","Remove Asset"
"重命名当前修改器层","Rename the current modifier layer"
"新名称","New name "
"切换选定的输入，仅适用于布尔值","Switch the selected input, only for Bool"
"开关布尔自定义","Switch Bool Custom"
"从活动散点图层中选择资产","Select assets from the active scatter layer"
"选择资产图层","Select assets layer"
" 删除 Bagapie 墙砖修改器"," Remove Bagapie Wall Brick modifiers "
"通过边缘或曲线创建墙砖","Create Wall Brick from edges or curve"
"移除 Bagapie 墙","Remove Bagapie Wall"
"放置穆尔相对于儿子斧头。","Placement du mur vis à vis de son axe."
"巴嘎螺丝","BagaScrew"
" 删除 Bagapie 窗口修改器"," Remove Bagapie Window modifiers "
"移除 Bagapie 窗口","Remove Bagapie Window"
"创建窗口。首先绘制其尺寸，然后为其指定与墙相对应的深度。与墙工具配合使用的工具","Create windows. First draw its dimensions then give it a depth that corresponds to that of the wall. Tool made to work with the Wall tool"
"窗户的位置。","Position de la fenêtre."
"线径","Wire Size"
"菜单大小。","Taille de menuiseries."
"Baga_Window","Baga_Window"
"Baga_Window_Bool","Baga_Window_Bool"
"BagaWindow_Weld","BagaWindow_Weld"
"BagaWindow_Displace","BagaWindow_Displace"
"BagaWindow_Wire","BagaWindow_Wire"
"BagaWindow_Bevel","BagaWindow_Bevel"
"BagaWindowBool​​_Displace","BagaWindowBool_Displace"
"BagaWindow_Boolean","BagaWindow_Boolean"
"BagaPie_Glass","BagaPie_Glass"
"BagaPie_Window","BagaPie_Window"
"散射偏好","Scattering Preferences"
"安全功能","Security Features"
"使用默认代理","Use Default Proxy"
"应用比例默认值","Apply Scale Default"
"最大多边形数","Maximum Polycount"
"最小多边形数","Minimum Polycount"
"显示百分比","Display percentage"
"取代","displace"
"实例置换","instancesdisplace"
"变形","deform"
"线","line"
"网格","grid"
"圆圈","circle"
"曲线","curve"
"代理人","proxy"
"另存为资产","saveasasset"
"节省材料","savematerial"
"团体","group"
"分散","scatter"
"散点画","scatterpaint"
"点捕捉实例","pointsnapinstance"
"常春藤","ivy"
"联盟","union"
"不同之处","difference"
"点效应器","pointeffector"
"凸轮剔除","camculling"
"墙","wall"
"墙砖","wallbrick"
"窗户","window"
"管道","pipes"
"束线","beamwire"
"光束","beam"
"线性楼梯","linearstair"
"楼梯螺旋","stairspiral"
"地面","floor"
"扶手","handrail"
"柱子","column"
"电缆","cable"
"瓷砖","tiles"
"栅栏","fence"
"壁板","siding"
"曲线自动排列","autoarrayoncurve"
"支持偏好","Support Preferences"
"输入值","InputValue"
"禁用 GeoPack","Disable GeoPack"
"GeoPack 偏好设置","GeoPack Preferences"
"创建新包","Create New Pack"
"细绳","String"
"GeoPack 饼状菜单图标比例","GeoPack Pie Menu Icon Scale"
"尖端 ！","TIPS !"
"我想使用包","I want to use packs"
"地质包列表","Geopacks List"
"描述 ：","Description : "
"作者：","Authors : "
"版本 ：","Version : "
"执照 ：","License : "
"最小Blender版本：","Minimal Blender Version : "
"创作者链接","Creator link"
"网址：","URL : "
"未找到修饰符","No modifier found"
"您可以通过饼形菜单 ( J ) > 创建修改器","You can create modifier via the pie menu ( J ) > "
"添加图标","Add Icon"
"修改器链接","Modifier link"
"此修饰符如何工作：","How this modifier will work :"
"  并切换到“重量绘制”。","  and switch to Weight Paint."
"- 选定的对象将链接到新的 coll。","- Selected objects will be linked to new coll."
"将混合文件添加到 Pack","Add blend file to Pack"
"     -","     - "
"图书馆位置：","Library Location : "
"修改器","Modifier"
"地质包","GeoPack"
"首先，设置存储包的文件夹。","First, set the folder where the packs will be stored."
"完成此步骤后，您可以随时移动包裹及其存储位置","You can always move the packs and their storage locations after this step"
"设置包裹位置","Set packs location"
"安装包","Install Pack"
"贮存","Storage"
"保存偏好设置","Save preferences"
"包名称","Pack Name"
"包作者","Pack Author(s)"
"包版本","Pack Version"
"打包网址","Pack URL"
"兼容最旧版本的 Blender","Oldest Blender Version Compatible"
"包许可证","Pack License"
"包装位置","Pack Location"
"创造 ！","Create !"
"当前位置：","Current Location :"
"将所有包移至新位置","Move all packs to new location"
"它是如何工作的？","How it works ?"
"我想创建包","I want to create packs"
"1 - 设置图书馆的位置（下面的按钮）","1 - Set the location of your Library (button below)"
"2 – 安装包（.geopack 文件）","2 - Install pack(s) (.geopack files)"
"3 - 进入 3D 视图 > 按 V > 选择一个包 > 选择一个修改器","3 - Go to 3D View > Press V > Select a Pack > Select a modifier"
"使用包的方式可能根据修饰符而有所不同。","The way to use a pack may vary depending on the modifier."
"安装包后，您可以在其属性中找到有关如何使用它的信息和描述","After installing a pack, you can find information on how to use it and descriptions in its properties"
"GeoPack 演示","GeoPack Demo"
"2 – 创建新包（在此区域）","2 - Create a new pack (in this area)"
"3 – 转到 3D 视图 > 选择您的对象和您想要保存在修改器堆栈中的 GN 修改器。","3 - Go to 3D View > Select your object and the GN mofifier you want to save in the modifier stack."
"4 - 按 J > 新建 GeoPack 修改器","4 - Press J > New GeoPack Modifier"
"5 - 出现一个框，选择包","5 - A box apear, select the pack"
"6 – 现在您的修改器在 GeoPack 饼形菜单中可见 (V)","6 - Now your modifier is visible in the GeoPack pie menu (V)"
"7 - 在此面板中，您将能够导出 geopack 以进行共享","7 - In this panel, you will be able to export your geopack to share it"
"创作者演示","Creator Demo"
"偏好设置","Preferences"
"快捷方式：","Shortcut :"
"饼状菜单","Pie Menu"
"已链接重复组","Duplicate Group Linked"
"安装 BagaPie 资产包（.baga 文件）","Install BagaPie Asset Pack (.baga files)"
"BagaPie Assets 插件已安装。","The BagaPie Assets addon is installed."
"在此版本中，不再需要 BagaPie Assets 插件。","In this version BagaPie Assets addon is not needed anymore."
"您可以卸载它并只安装包：BagaPie_Assets_Vol_X.baga。","You can uninstall it and just install the packs : BagaPie_Assets_Vol_X.baga."
"已安装的包：（绿色 = 已安装）","Packs installed: (Green = Installed)"
" PS：Essential pack是Lite的一部分，Lite是Full的一部分。"," PS : Essential pack is part of Lite, and Lite is part of Full."
"未找到任何文件","No files found"
"如果你","If you"
"更新你的图书馆","update your library"
"设置库位置","Set library location"
"资产当前位置：","Assets Current Location :"
"设置图书馆位置/将图书馆移动到新位置","Set library location / Move Library to new location"
"包安装可能需要几秒钟，请耐心等待。","Pack installation can take several seconds, please be patient."
"必须逐个安装它们。","They have to be installed one by one."
"BagaPie V5.0 和之前版本的 Scatter","Scatter from BagaPie V5.0 and previous versions aren"
"默认启用代理。","Enable proxy by default."
"代理的最小多边形数量。","Minimum polycount for proxy."
"使用安全特征进行散射：","Use security features for scattering :"
"触发安全功能的最大多边形数量。","Maximum polycount to trigger security features."
"（平均多边形计数实例总数 * 实例数）","(Total of average polycount instances * instances count)"
"视口中显示的实例百分比","Percentage of instances displayed in the viewport"
"建议如果目标不是 1,1,1，则应用目标的比例。","Proposes to apply the scale of the target if it is not at 1,1,1."
"如果可用，请使用相机剔除。","Use Camera Culling if available."
"关于BagaPie V10","About BagaPie V10"
"Bagapie 在饼形菜单（快捷键 J）中包含基于几何节点的工具。","Bagapie contains geometry nodes-based tools in a pie menu (shortcut J)."
"根据工具选择一个或多个对象。请参阅","Choose one or multiple objects based on the tool. See "
"介绍 GeoPack：创建和共享基于自定义几何节点的修改器。","Introducing GeoPack: create and share custom geometry node-based modifiers."
"什么","What"
"     - GeoPack 是一个全新的系统，允许您创建和共享修改器！","     - GeoPack a brand new system that allow you to create and share modifier !"
"     - 用户的 GeoPack ：","     - GeoPack for users :"
"          > 安装并使用修改器包，就像它们是插件一样！","          > Install and use modifier packs as if they were an addon!"
"     - 面向创作者和团队的 GeoPack：","     - GeoPack for creators and team :"
"          > 将修饰符分组，","          > Group your modifiers in a pack,"
"          > 定义修饰符的工作原理以及如何正确使用它们，","          > Define how your modifiers work and how to use them properly,"
"          > 生成用户友好的 UI，","          > Generate a user-friendly UI,"
"          > 使用你的包存储资产库；资产浏览器将自动设置，","          > Store an asset library with your pack; the asset browser will be automatically set up,"
"          > 将您的包导出并共享为 GeoPack 文件，任何人都可以安装该文件来享受您的修改器。","          > Export and share your pack as a GeoPack file that anyone can install to enjoy your modifiers."
"     - 目前无","     - None (at the moment)"
"饼状菜单自定义","Pie Menu Customization"
"启用/禁用工具：","Enable/Disable tools :"
"应该选择什么：","What should be selected :"
"选定对象的类型:","Type of the selected object :"
"变形：","Deformation :"
"大批 ：","Array :"
"管理 ：","Manage :"
"散射：","Scattering :"
"效应器：","Effector :"
"建筑学 ：","Architecture :"
"曲线：","Curves :"
"节点到面板","Nodes to Panel"
"BagaPie 可以将您的几何节点修改器和着色器节点组转换为用户友好的 UI。","BagaPie can turn your geometry nodes modifier and shader nodegroup into a user-freindly UI."
"节点到面板快速演示","Node To Panel Quick Demo"
"通过在输入名称中添加前缀，Bagapie 将能够解释它们并","By adding prefixes to your input names, Bagapie will be able to interpret them and"
"在插件面板中生成一个界面（3D视图）。","generate an interface in the addon panel (3D view)."
"只需添加","Simply add "
"前缀列表：","Prefix list :"
"BP_ = 您必须将此前缀添加到您的节点树名称中","BP_  =    You must add this previx to your nodetree name"
"B_ = 创建新框","B_   =    Create a new box"
"B = 在上一个框中添加","B    =    Add in the previous box"
"R_ = 创建新行","R_   =    Create a new row"
"R = 添加上一行","R    =    Add in the previous row"
"2_ = 缩放按钮/输入","2_   =    Scale button/input"
"L = 显示为标签","L    =    Displayed as Label"
"V = 显示为值（任何类型）","V    =    Displayed as Value (any types)"
"P = 显示为按钮（必须是布尔值）","P    =    Displayed as a Button (must be a bool)"
"P2 = 显示为带有标识符 2 的按钮（必须介于 0 - 9 之间）。可以控制其他值的显示。","P2   =    Displayed as a Button with identifier 2 (must be between 0 - 9). Can control other values display."
"S = 显示为分隔符","S    =    Displayed as Separator"
"_ = 前缀结束，然后添加值/标签/按钮的名称","_    =    End of prefix, then add the name of your Value/Label/Button"
"URL = 外部链接（用于教程、文档等）。必须是字符串输入。在输入默认值中添加 URL。","URL  =    External link (for Tutorials, Documentation, ...). Must be a String input. Add URL in input default value."
"例如：","Exemples :"
"输入姓名：","Input Name :"
"它在面板上的样子：","How it looks in the panel :"
"带标签的新盒子","New Box with label"
"B_L_我的标签名称","B_L_MyLabelName"
"我的标签名称","MyLabelName"
"开关按钮","Switch Button"
"P_我的按钮名称","P_MyButtonName"
"我的按钮名称","MyButtonName"
"显示行上的值","Display values on a row"
"R_V_MyValueName 一个","R_V_MyValueName A"
"RV_我的值名称 B","RV_MyValueName B"
"我的值名称 A","MyValueName A"
"我的值名称 B","MyValueName B"
"按钮控制值显示","Button control values display"
"P1_打我！","P1_Hit me !"
"1V_我的值名称_A","1V_MyValueName_A"
"1V_我的值名称_B","1V_MyValueName_B"
"打我 ！","Hit me !"
"我们的附加组件！","Our Addons !"
"BagaIvy 发电机","BagaIvy Generator"
"BagaRain 发电机","BagaRain Generator"
"巴嘎街","BagaStreet"
"巴嘎批","BagaBatch"
"还有更多！","And more !"
"其他的 ：","Others :"
"共生体发生器","Symbiote Generator"
"搅拌机和打印海绵宝宝","Blender and Print SpongeBob"
"Ivy 生成器 [旧]","Ivy Generator [old]"
"拱形发电机","Arch Generator"
"BagaPassesSaver","BagaPassesSaver"
"渲染设备切换器","Render Device Switcher"
"乐高发电机","Lego Generator"
"幻想之门发生器","Fantasy Gate Generator"
"帮助 - 支持 - 问题 - 文档","Help - Support - Issues - Documentation"
"帮助 - 支持 - Discord 上的错误报告","Help - Support - Bug Report on Discord"
"YouTube 教程","Youtube Tutorials"
"常见问题！","Common Issues !"
" 1| 当我应用修改器时，一切都消失了。"," 1| When I apply my modifier, everything disappears."
"         您必须通过插件应用 BagaPie 修改器","         You must apply the BagaPie modifiers via the addon"
"         在 BagaPie 面板顶部按下应用按钮：✓","         On top of the BagaPie panel press the apply Button : ✓"
"         请记住，修饰语是有顺序的，请先应用修饰语之前的修饰语。","         Keep in mind that modifiers have an order, apply the ones before your modifier first."
"2| 我的散射/常春藤不是","2| My Scattering/Ivy isn"
"         散射/常春藤基于物体的表面（面积）来计算实例的位置。","         The scattering/ivy is based on the surface (area) of the object to calculate the position of the instances."
"         当你的对象被激活时，其表面（区域）可能会被修改/扭曲。","         As your object is animated, the surface (area) may be modified/distorted."
"         BagaPie 目前还没有针对此问题的解决方案。","         There are currently no solutions for this issue in BagaPie."
"3|我的散射/常春藤在渲染时有所不同。","3| My Scattering/Ivy is different when rendered."
"         检查您的表面在渲染时是否没有改变（例如：修改细分）。","         Check that your surface does not change at the time of rendering (Ex: Modify Subdivision)."
"         或者","         OR"
"         视口中显示的粒子数量和渲染中的粒子数量可能不同。","         It is possible that the number of particles displayed in the viewport and in the rendering is different."
"         检查 % Displayed 参数。","         Check the % Displayed parameter."
"4| 饼形菜单缺少一些工具。","4| The Pie Menu is missing some tools."
"         检查您是否处于对象模式。","         Check that you are in object mode."
"         检查 BagaPie 的版本是否与您的 Blender 版本兼容。","         Check that the version of BagaPie is compatible with your Blender version."
"仍有问题吗？","Still get an issue ?"
"通过 Discord 联系我们","Contact us on Discord"
" 保存 Blender 偏好设置"," Save Blender Preferences "
"保存 Blender 偏好设置","Save Blender Preferences"
"3D 视图","3D View"
"BAGAPIE_MT_pie_菜单","BAGAPIE_MT_pie_menu"
"BAGAPIE_MT_pie_menu_geopack","BAGAPIE_MT_pie_menu_geopack"
"我的列表","My List"
"指数","Index"