"空","empty"
" 返回给定的名称作为有效的 python 表示，以用作脚本中的变量名"," Returns the given name as a valid python represention to use as variable names in scripts "
" 返回基于给定名称列表的唯一名称"," Returns a unique name based for the given list of names "
" 返回给定行开头的空格量"," Returns the amount of spaces at the start of the given line "
" 返回给定文本行的最小缩进量 将给定的"," Returns the minimum indent of the given lines of text "
" 代码规范化为最小缩进量并删除空行"," Normalizes the given code to the minimum indent and removes empty lines "
" 按给定的缩进量缩进给定的代码。在代码中插入多行块时使用此功能"," Indents the given code by the given amount of indents. Use this when inserting multiline blocks into code "
"工具提示","Tooltip"
"单击以了解更多","Click to learn more"
"信息 信息","Info"
"Serpens 属性 名称","Serpens Properties"
"资源的名称","Name"
"路径","Name of the asset"
"资源","Path"
"文件的路径","Path to the asset file"
"添加资源","Add Asset"
"将资源添加到插件","Adds a asset to the addon"
"类型","Type"
"将此目录或文件添加为资源","Add this directory or this file as an asset"
"删除资源","Remove Asset"
"从插件中移除此资源","Removes this asset from the addon"
"查找节点","Find Node"
"查找资源","Find Asset"
"在插件中查找此资源","Finds this asset in the addon"
"未找到此资源的","No nodes found for this asset"
"节点 空资源节点","Empty Asset Nodes"
"未找到空资源节点","No empty asset nodes found"
"添加","Add Asset Node"
"资源节点 添加资源节点","Adds an asset node"
" 返回所有属性的命令性代码"," Returns the imperative code for all properties "
" 返回所有属性"," Returns the register code for all properties "
" 的注册代码 返回所有属性的注销代码"," Returns the unregister code for all properties "
"此属性可以存储的数据类型","The type of data this property can store"
" 绘制常规属性设置"," Draws the general property settings "
"可动画的","Animatable"
"文本编辑 更新","Textedit Update"
"{self.name} ","{self.name}"
"{self.description}","{self.description}"
" 注册属性并注销上一个版本"," Registers the property and unregisters previous version "
"附加到 要","Attach To"
"将此属性附加到的混合数据的类型","The type of blend data to attach this property to"
"隐藏","Hidden"
"跳过 保存 返回","Skip Save"
" 此属性所在的集合"," Returns the collection this property lives in "
" 返回主属性集合所在的源"," Returns the source where the main property collection lives "
" 返回此属性的完整数据路径"," Returns the full data path for this property "
" 使用父类的编译函数更新"," Update the property with the parent classes compile function "
"属性 属性名称","Property Name"
"此属性的名称","Name of this property"
"说明","Description"
"此属性的说明，显示在工具提示中","The description of this property, shown in tooltips"
"选项","Options"
"此属性的选项","Options for this property"
"类别","Category"
"此","The category this property is displayed in"
"属性显示的类别此属性类别的名称","The name of this property category"
"添加属性类别","Add Property Category"
"添加属性类别","Adds a property category"
"删除属性类别","Remove Property Category"
"删除属性类别","Removes a property category"
"编辑属性类别","Edit Property Categories"
"编辑插件属性类别","Edit the addon property categories"
"类别","Categories"
"未添加类别","No categories added"
"添加类别","Add Category"
"移动属性类别","Move Property Category"
"将选定属性移动到其他类别","Move the selected property to a different category"
"添加属性","Add Property"
"向插件添加属性","Adds a property to the addon"
"新建属性","New Property"
"删除属性","Remove Property"
"从插件中移除此属性","Removes this property from the addon"
"移动属性","Move Property"
"移动此属性","Moves this property"
"复制属性","Duplicate Property"
"复制所选属性 复制","Duplicates the selected property"
"Python 名称","Copy Python Name"
"复制此项的 Python 名称以在脚本中使用","Copies the python name of this item to use in scripts"
"添加枚举项","Add Enum Item"
"向此属性添加枚举项 移除枚举项 从此","Adds an enum item to this property"
"属性中移除枚举项 移动","Remove Enum Item"
"枚举","Removes an enum item from this property"
"项 移动","Move Enum Item"
"此枚举项","Moves this enum item"
"向此组","Adds a property to this group"
"添加属性 添加属性节点弹出窗口","Add Property Node Popup"
"打开弹出窗口让您选择属性节点 属性","Opens a popup to let you choose a property node"
"显示","Property"
"属性","Display Property"
"在属性更新时","Set Property"
"设置属性 添加","On Property Update"
"属性节点","Add Property Node"
"将此节点添加到编辑器","Adds this node to the editor"
"查找属性","Find Property"
"在插件中查找此属性","Finds this property in the addon"
"未找到此属性的","No nodes found for this property"
"节点 空属性节点","Empty Propert Nodes"
"未找到空属性节点","No empty property nodes found"
" 返回属性列表，按注册排序"," Returns a list of the properties, sorted for registering "
" 如果给定的属性组具有指针或集合属性并引用其他属性组，则"," Returns if the given property group has pointer or collection props with references to other prop groups "
"返回布尔属性可以保存 True 或 False 的值。\n","Boolean properties can hold a value of True or False.\n"
" 绘制此属性类型的设置"," Draws the settings for this property type "
"默认","Default"
"此属性的默认值（对于现有的附加项，这可能不会自动重置）","Default value of this property (This may not reset automatically for existing attached items)"
"是矢量","Is Vector"
"如果此属性是矢量 矢量","If this property is a vector"
"大小","Vector Size"
"矢量属性的长度","Length of the vector property"
"整数属性可以保存十进制数。\n","Integer properties can hold decimal number.\n"
"所选属性不是组！","The selected property is not a group!"
"可以","Can"
"没有选择有效的属性组！","There is no valid property group selected!"
"属性组","Property Group"
"您要指向的属性组","The property group you want to point to"
"此枚举项的名称","Name of this enum item"
"此枚举项的描述 图标此枚举项的","Description of this enum item"
"图标","Icon"
"值","Icon value of this enum item"
"枚举属性可以包含具有名称和描述的多个项。\n","Enum properties can hold multiple items with a name and description.\n"
"添加项","Add Item"
"生成项","Generate Items"
"选择多个（枚举集）","Select Multiple (Enum Set)"
"可让您从此属性中选择多个选项","Lets you select multiple options from this property"
"动态项","Dynamic Items"
"这些项是使用函数生成的，并且不是","The items are generated with a function and aren"
"项","Items"
"枚举项","Enum Items"
"浮点属性可以包含十进制数。\n","Float properties can hold decimal number.\n"
"子类型","Subtype"
"此属性的子类型。这会更改属性的显示方式","The subtype of this property. This changes how the property is displayed"
"单位","Unit"
"此属性的单位。这会更改属性的显示方式","The unit of this property. This changes how the property is displayed"
"最小值","Minimum"
"使用最小属性值","Use a minimum property value"
"此属性的最小值","The minimum value of this property"
"最大值","Maximum"
"使用最大属性值","Use a maximum property value"
"软最小值","Soft Minimum"
"使用软","Use a soft minimum property value"
"最小属性值 此属性的软","The soft minimum value of this property"
"最小值 此属性的最大值","The maximum value of this property"
"软最大值","Soft Maximum"
"使用软最大属性值此","Use a soft maximum property value"
"属性的软最大值","The soft maximum value of this property"
"步骤","Step"
"UI 中的增量/减量步长","Step of increment/decrement in the UI"
"精度","Precision"
"要显示的最大小数位数","Maximum number of decimal digits to display"
"展开","Expand"
"展开此属性","Expand this property"
" 返回此属性所在的属性集合的父级"," Returns the parent of the property collection this property lives in "
"组属性可以包含多个其他属性。\n ","Group properties can hold multiple other properties.\n"
"PROP_PATH_PLACEHOLDER。","PROP_PATH_PLACEHOLDER."
"指针属性可以指向特定类型的混合数据或属性组。\n","Pointer properties can point to specific types of blend data or property groups.\n"
"数据类型","Data Type"
"此属性要指向的混合数据的类型","The type of blend data to have this property point to"
"使用属性组","Use Property Group"
"指向您创建的自定义属性组","Point to a custom property group you created"
"枚举集","Enum Set"
"DUMMY","DUMMY"
"用于解析路径的虚拟道具","Dummy prop for resolving path"
" 返回这些设置所属的属性"," Returns the property these settings belong to "
" 编译这些设置的属性"," Compile the property for these settings "
" 返回属性更新函数的代码"," Returns the code for the on property update function "
" 返回更新函数的代码"," Returns the code for the update function "
" 返回更新函数选项的代码"," Returns the code for the update function option "
"添加节点以生成动态枚举项","Adds a node to generate dynamic enum items"
"字符串属性可以保存一行文本。\n","String properties can hold a line of text.\n"
"最大长度","Max Length"
"字符串的最大长度（0 表示无限制）","The maximum length of the string (0 is unlimited)"
" 注册变量并取消注册上一版本"," Registers the variable and unregisters previous version "
"变量名称","Variable Name"
"此变量的名称 此变量","Name of this variable"
"存储的数据类型 变量的","The type of data this variable stores"
"默认值","Default value for the variable"
"添加变量","Add Variable"
"向插件添加变量","Adds a variable to the addon"
"新变量","New Variable"
"删除变量","Remove Variable"
"从插件中删除此变量","Removes this variable from the addon"
"移动变量","Move Variable"
"移动此变量","Moves this variable"
"添加变量节点","Add Variable Node Popup"
"弹出窗口 打开一个弹出窗口，让您选择一个变量节点","Opens a popup to let you choose a variable node"
"获取变量","Get Variable"
"设置变量","Set Variable"
"重置变量","Reset Variable"
"添加变量节点","Add Variable Node"
"查找变量","Find Variable"
"在插件中查找此变量","Finds this variable in the addon"
"未找到此变量的节点","No nodes found for this variable"
"空变量节点","Empty Variable Nodes"
"未找到空变量节点","No empty variable nodes found"
"安装包","Install Package"
"让","Let"
"重新加载包","Reload Packages"
"重新加载已安装软件包列表","Reloads the installed packages list"
"卸载软件包","Uninstall Package"
"卸载此软件包","Uninstalls this package"
"安装代码片段","Install Snippet"
"安装单个或 zip 文件的代码片段","Install a single or a zip file of snippets"
"卸载代码片段","Uninstall Snippet"
"卸载此代码片段","Uninstalls this snippet"
"添加代码片段","Add Snippet"
"添加此代码片段节点","Adds this snippets node"
"绘制 导出代码片段弹出窗口","Draw Export Snippet Popup"
"选择可编辑变量：","Select editable variables:"
"选择可编辑属性：","Select editable properties:"
"导出代码片段","Export Snippet"
"将此节点导出为代码片段","Export this node as a snippet"
"代码片段信息","Snippet Info"
"很棒的代码片段！","Awesome snippet!"
"您认为其他人也可以使用这个吗？","Do you think others could use this too?"
"为什么不与 Serpens 社区分享呢？","Why not share it with the Serpens community?"
"将其上传到 #marketplace 频道！","Upload it to the #marketplace channel!"
"清除系统控制台","Clear System Console"
"此操作符清除系统控制台。","This operator clears the system console."
"设置","Settings"
"显示 Python 工具","Show Python Tooltips"
"提示教程","Tutorial"
"混合数据","Blend Data"
"控制台","Console"
"更新！","Update!"
"节点文档","Node Documentation"
"预设","Presets"
"无预设","No presets"
"移除预设","Remove Preset"
"移除此预设","Removes this preset"
"移除预设","Remove Presets"
"移除预设","Remove presets"
"添加预设","Add Preset"
"将活动节点添加为预设","Adds the active node as a preset"
"加载预设","Load Preset"
"加载此预设节点","Loads this preset node"
"获取 Serpens 属性","Get Serpens Property"
"获取 Serpens 运算符","Get Serpens Operator"
"复制上下文","Copy Context"
"复制属性","Copy Property"
"复制此属性的路径复制","Copy the path of this property"
"运算符","Copy Operator"
"复制此运算符的路径复制","Copy the path of this operator"
"此区域的","Copy the context from this area"
"上下文代码片段","Snippets"
"代码片段","Snippet"
"其他","Others"
"插件","Addon"
"保存插件","Save Addon"
"添加到市场","Add to Marketplace"
"保留代码文件","Keep Code File"
"日志编译时间","Log Compile Time"
"Easy BPY ","Easy BPY"
"Easy BPY 已安装","Easy BPY installed"
"打开安装","Open Install"
"Easy BPY 未安装","Easy BPY not installed"
"文档资产添加","Documentation"
"节点","Assets"
"显示","Add Node"
"数据概览","Show Data Overview"
"打开显示数据概览的窗口","Opens a window that shows a data overview"
"退出数据搜索","Exit Data Search"
"退出数据搜索模式","Exits the data search mode"
"扩展数据","Expand Data"
"加载给定项目的项目","Loads the items for the given item"
"扩展运算","Expand Operators"
"符扩展所有运算","Expands all operators"
"符过滤数据","Filter Data"
"过滤此项目数据","Filters this items data"
"按数据类型过滤","Filter by data type"
"重置","Reset"
"重置过滤器","Reset the filters"
"搜索：","Search:"
"重置过滤器","Reset Filters"
"重置这些过滤器","Resets these filters"
"重新加载数据","Reload Data"
"重新加载列出的场景数据","Reloads the listed scene data"
"重置项目过滤器重置此项目的过滤器","Reset Item Filters"
"重新加载","Reset this items filters"
"项目数据","Reload Item Data"
"重新加载此项目数据","Reloads this items data"
"复制数据路径复制数据","Copy Data Path"
"路径以粘贴到节点","Copy data path to paste in a node"
"添加到搜索","Add To Search"
"将此部分添加到搜索","Adds this section to the search"
"首选项导航","Preferences Navigation"
"退出","Exit"
"如何","How to"
"重新加载","Reload"
"发现（测试版）","Discover (BETA)"
"来源：","Source:"
"过滤器概述：","Filter Overview:"
"最大数量","Max Amount"
"过滤器","Filter"
"显示","Display"
"...由于项目太多而缩短","... Shortened because of too many items"
"这些过滤器没有项目！","No Items for these filters!"
"Serpens ","Serpens"
"Serpens 插件","Serpens Addon"
"尽可能使用属性函数代替运算符！","Use property functions instead of operators when possible!"
"打开资源管理器","Open Explorer"
"打开资源管理器","Open the explorer"
"获取 Python 名称","Get Python Name"
"获取此元素的 Python 名称","Get the python name for this element"
"节点树","Node Trees"
"扩展","Extensions"
"获取代码片段","Get Snippets"
"选择有效的运行函数节点以导出代码片段","Select a valid Run Function node to export a snippet"
"选择运行函数节点以导出代码片段","Select Run Function node to export a snippet"
"安装代码片段","Install Snippets"
"没有安装代码片段！","No snippets installed!"
"包通过以下方式","Packages"
"获取包","Get Packages"
"：","By: "
"没有安装包！","No packages installed!"
"重启 blender 以查看包！","Restart blender to see package!"
"属性","Properties"
"注册","Register"
"取消注册","Unregister"
"变量","Variables"
"不要编辑这些设置！","Do not edit these settings!"
" 返回给定 idname 的快捷方式结构"," Returns the shortcut struct for the given idname "
"节点编辑器","Node Editor"
"sn.force_compile ","sn.force_compile"
"sn.open_node_docs ","sn.open_node_docs"
"sn.add_copied_node","sn.add_copied_node"
"打开节点文档","Open Node Docs"
"打开节点文档","Open Node Documentation"
"添加操作员节点","Add Operator Node"
"运行操作员","Run Operator"
"按钮添加","Button"
"复制的","Add Copied Node"
"节点 从复制的路径中为操作员和属性添加节点","Adds a node from the copied path for operators and properties"
"SN_MT_AddOperatorMenu","SN_MT_AddOperatorMenu"
"添加复制的操作员节点","Add Copied Operator Node"
"从复制的路径中为操作员添加","Adds a node from the copied path for operators"
"节点 节点","Node"
"版本","Version"
"此节点的版本","Version of this node"
"禁用评估","Disable Evaluation"
"跳过导出","Skip Export"
" 返回此节点所在的节点树"," Returns the node tree this node lives in "
" 返回此节点的 uid。请注意，这并不稳定，会随着时间而改变！"," Returns a uid for this node. Note that this is not stable and will change over time! "
" 返回此类型节点的集合"," Returns the collection for the nodes of this type "
" 触发所有节点的更新。然后每个节点都可以检查它是否有对此节点的引用，并相应地更新它自己的值"," Triggers an update on all nodes. Every node can then check if it has a reference to this node and update it's own values accordingly "
"静态 UID","Static UID"
" 返回连接到此节点的触发节点"," Returns the trigger nodes that are connected to this node "
" 递归返回链接到给定节点的所有节点的列表"," Recursively returns a list of all nodes linked to the given node "
" 触发对连接到此节点的所有受影响的程序节点的更新。当节点本身的代码发生更改时"," Triggers an update on all affected, program nodes connected to this node. Called when the code of the node itself changes "
" 调用 如果此节点的根节点存在，则"," Compiles the root node of this node if it exists "
" 编译它 检查给定的代码是否与当前代码不同。如果需要，它会触发代码更新"," Checks if the given code is different from the current code. If required it triggers a code update "
"代码","Code"
"此节点的当前编译代码 代码","The current compiled code for this node"
"导入","Code Import"
"此节点的当前编译代码导入","The current compiled code for this nodes imports"
"代码命令式","Code Imperative"
"代码注册此","Code Register"
"节点注册的当前编译代码","The current compiled code for this nodes registrations"
"代码注销","Code Unregister"
"此节点取消注册的当前编译代码","The current compiled code for this nodes unregistrations"
" 如果这是触发节点，则在此节点中包含连接节点的代码"," Includes connected nodes code in this node if this is a trigger node "
" 内部评估以检查是否发生了更改并触发编译过程"," Internal evaluate to check if changes happened and trigger the compile process "
" 如果需要，用于覆盖评估以进行导出 编译"," Used to overwrite evaluate for exporting if required "
"索引","Compile Index"
" 根据 node_color 设置节点的颜色"," Sets the color of the node depending on the node_color "
" 在此节点树的节点集合中为此节点创建一个项目"," Creates an item in the nodes collection of this node tree for this node "
" 从此节点树的引用中删除此节点的引用项"," Removes the reference item for this node from this node trees references "
" 节点图拓扑变化时更新（添加或删除节点和链接）"," Update on node graph topology changes (adding or removing nodes and links) "
" 当具有布局类型的节点连接时更新此节点的布局类型"," Updates the layout type of this node when a node with layout type gets connected "
" 触发动态插座以添加新的插座"," Triggers dynamic sockets to add new ones "
" 当具有布局类型的连接节点被移除时，更新此节点的布局类型"," Updates the layout type of this node when a connected node with layout type gets removed "
" 在节点上逐行绘制此节点的代码"," Draws the code for this node line by line on the node "
"更改顺序后强制编译","Force compile after changing the order"
" 为此节点添加输入。此函数本身不会评估，因为它可能在节点准备就绪之前使用 为此"," Adds an input for this node. This function itself doesn't evaluate as it may be used before the node is ready "
" 节点添加输出。此函数本身不会评估，因为它可能在节点准备就绪之前使用"," Adds an output for this node. This function itself doesn't evaluate as it may be used before the node is ready "
" 将插座从当前类型转换为给定的 idname 根据给定"," Converts the socket from it's current type to the given idname "
" 属性创建输入"," Creates an input from the given property "
"节点名称 字符串","Node Name"
"此","String"
"节点的字符串值","String value of this node"
" 取消注册此插件"," Unregisters this addon "
" 重新注册当前插件代码并存储结果"," Reregisters the current addon code and stores results "
" 返回格式化为单个 python 文件的整个插件代码（用于开发）"," Returns the entire addon code (for development) formatted for a single python file "
" 返回所有节点树中所有触发节点的列表"," Returns a list of all trigger nodes in all node trees "
" 返回此插件的 bl_info"," Returns the bl_info for this addon "
" 以多个文件的字典形式返回整个插件的代码"," Returns the code for the entire addon as a dictionary of multiple files "
"开始教程","Start Tutorial"
"将教程节点添加到节点树","Adds the tutorial node to your node tree"
"结束教程","End Tutorial"
"结束教程","Ends the tutorial"
"移动教程","Move Tutorial"
"更改教程步骤","Changes the tutorial step"
"设置教程","Set Tutorial"
"显示设置","Show Settings"
"显示设置","Show the settings"
"sRGB","sRGB"
"继续！","Keep Going!"
"冒险！！！","ADVENTURE!!!"
"上一个 下一个","Previous"
"图像","Next"
"大小","Image Size"
"大小","Size"
"X ","X"
"Y","Y"
"查看文档","See Docs"
"章节","Chapters"
"清除打印","Clear Prints"
"清除此打印节点消息","Clear this print nodes messages"
"打印","Print"
"在节点上打印 在","Print On Node"
"此节点上显示打印结果","Show print results on this node"
"在删除前一个打印消息之前将添加到此节点的打印消息数量（0 为无限制）","Amount of print messages that will be added to this node before a previous one is removed (0 is unlimited)"
"限制","Limit"
"不打印任何内容！","Nothing printed!"
"消息：","Messages:"
"睡眠","Sleep"
"时间戳","Timestamp"
"开始时间戳记录或打印自开始以来的总时间将此","Start the timestamp recording or print the total time since the start"
"时间戳链接到其他时间戳的标识符","The identifier that links this timestamp to other timestamps"
"颜色","Color"
"此节点的颜色","The color of this node"
"触发节点","Trigger Node"
"触发此节点","Trigger this node"
"触发","Trigger"
"运行 触发","Run Trigger"
"渲染完成","On Render Finish"
"操作时间","Time of Action"
"当你希望事件处理程序运行时在 Blender 上","When you want your event handler to run"
"运行事件","Run Event"
"关闭","On Blender Close"
"atexit.register(before_exit_handler_{self.static_uid}) ","atexit.register(before_exit_handler_{self.static_uid})"
"atexit.unregister(before_exit_handler_{self.static_uid})","atexit.unregister(before_exit_handler_{self.static_uid})"
"在渲染开始时","On Render Start"
"在 Depsgraph 更新时","On Depsgraph Update"
"运行事件代码而不触发事件","Run the event code without triggering event"
"在帧更改时","On Frame Change"
"记录键","Record Key"
"记录下一个按下的键","Records the next pressed key"
"选择","Select"
"在界面中选择此元素","Select this element in the interface"
"选择界面中的元素","Select an element in the interface"
"按键时","On Keypress"
"按键","Key"
"记录","Recording"
"Ctrl","Ctrl"
"如果需要按下 ctrl 键","If the ctrl key has to be pressed"
"Alt","Alt"
"如果需要按下 alt 键","If the alt key has to be pressed"
"Shift","Shift"
"如果需要按下 shift 键","If the shift key has to be pressed"
"值","Value"
"按键的方式","The way the key has to be pressed"
"方向","Direction"
"拖动鼠标以运行操作的方向","Direction to drag the mouse in to run the action"
"重复键 按住","Repeat Key"
"键时重复操作","Repeat the action when the key is held down"
"空格 此操作应该能够运行的","Space"
"空间快捷方式","The space which this action should be able to run in"
"类型","Shortcut Type"
"通过此快捷方式运行的操作类型","The type of action to run from this shortcut"
"父级类型","Parent Type"
"使用自定义面板作为父级","Use a custom panel as a parent"
"面板","Panel"
"按下键时打开的面板 菜单 按下键时打开的","The panel to open when the key is pressed"
"菜单","Menu"
"饼图菜单 按下键时打开的","The menu to open when the key is pressed"
"饼图菜单","Pie Menu"
"为","The pie menu to open when the key is pressed"
" 运算符创建输入 运算"," Create inputs for operator "
"符","Operator"
"按下键时运行的运算符","The operator to run when the key is pressed"
"保持打开","Keep Open"
"在更改属性后保持面板打开","Keep the panel open after a property is changed"
"面板节点树","Panel Node Tree"
"从中选择面板的节点树","The node tree to select the panel from"
"使用此快捷方式打开的面板 使用此快捷","The panel to open with this shortcut"
"方式打开的菜单","The menu to open with this shortcut"
" 选择新的父面板时更新节点设置"," Updates the nodes settings when a new parent panel is selected "
"使用此快捷方式运行的运算符","The operator to run with this shortcut"
"{self.panel} ","{self.panel}"
"{node.last_idname} ","{node.last_idname}"
"{self.menu} ","{self.menu}"
"{node.idname} ","{node.idname}"
"{self.pie} ","{self.pie}"
"{space_names[self.space]}","{space_names[self.space]}"
"加载时","On Load"
"保存时","On Save"
"重做时 撤消","On Redo"
"时","On Undo"
"插件信息","Addon Info"
"资源","Asset"
"获取路径的资源","Asset to get the path from"
"获取编辑 选择模式","Get Edit Select Mode"
"图标源 图标","Icon Source"
"的来源","The source of the icons"
"此插槽的值","Value of this socket"
"图像文件","Image File"
"您要用作图标的图像","The image you want to use as an icon"
"选择图标","Choose Icon"
"图像未保存！","Image not saved!"
"是 导出","Is Export"
"模式","In Mode"
"模式","Mode"
"与活动模式进行比较的模式节点","The mode which the active mode is compared to"
"是 ID 名称","Node Is Idname"
"获取类型的节点","The node to get the type for"
"是 对象类型","Is Object Type"
"与对象进行比较的类型","The type which the object is compared to"
"命名图标","Named Icon"
"无 节点","NONE"
"ID 名称","Node Idname"
"随机颜色","Random Color"
"随机数 数字","Random Number"
"类型","Type of number"
"场景上下文","Scene Context"
"时间和日期","Time and Date"
"2D 视图 缩放","2D View Zoom"
"按类型划分的区域","Area By Type"
"区域类型","Area Type"
"要查找的区域类型 区域","The type of area to find"
"位置","Area Locations"
"材质","Materials"
"元球","Metaballs"
"曲线","Curves"
"动作","Actions"
"骨架","Armatures"
"图像","Images"
"灯光","Lights"
"节点组","Node Groups"
"文本","Texts"
"纹理","Textures"
"工作区","Workspaces"
"世界","Worlds"
"画笔","Brushes"
"相机","Cameras"
"字体","Fonts"
"蜡笔","Grease Pencils"
"格子","Lattices"
"场景","Scenes"
"屏幕","Screens"
"形状键","Shape Keys"
"体积","Volumes"
"窗口管理器","Window Managers"
"Blender 数据","Blender Data"
"索引索引","Index"
"类型","Index Type"
"要使用的索引类型","The type of index to use"
"集合 网","Collections"
"格","Meshes"
"对象","Objects"
"布尔向量","Boolean Vector"
"布尔值","Boolean"
"使用 Alpha","Use Alpha"
"浮点向量 浮点","Float Vector"
"整数","Float"
"向量","Integer Vector"
"整数","Integer"
"列表","List"
"无","None"
"BMesh 对象数据","BMesh Object Data"
"BMesh 边缘数据","BMesh Edge Data"
"BMesh 面数据","BMesh Face Data"
"BMesh 顶点数据","BMesh Vertex Data"
"创建线","Create Line"
"使用 3D","Use 3D"
"是否使用 3D 或 2D 坐标","Whether to use 3D or 2D coordinates"
"创建四边形","Create Quad"
"创建三角形","Create Triangle"
"BMesh 面到顶点位置","BMesh Faces To Vertex Locations"
"对象到 BMesh ","Object To BMesh"
"Ngon 到三角形位置","Ngon To Triangle Locations"
"三角剖分 BMesh","Triangulate BMesh"
" 删除所有运算符输入"," Remove all operator inputs "
"从中选择运算符的节点树 源","The node tree to select the operator from"
"类型","Source Type"
"使用自定义运算符或 Blender 内部","Use a custom operator or a blender internal"
"自定义运算符","Custom Operator"
"此按钮运行的运算","The operator ran by this button"
"符 隐藏禁用的输入","Hide Disabled Inputs"
"隐藏此节点的禁用输入","Hides the disabled inputs of this node"
"粘贴运算符","Paste Operator"
"虚拟按钮","Dummy Button"
"此按钮没有关联的运算符","This button has no operator associated"
"将复制的运算符粘贴到此按钮中","Paste a copied operator into this button"
"显示集合列表","Display Collection List"
"函数","Function"
"过滤函数应该有一个属性输入并返回布尔值（True 保留该项目，False 将其删除）","Filter function which should have a single property input and return a boolean (True keeps the item, False removes it)"
"函数节点树","Function Node Tree"
"节点树从过滤器中选择功能","The node tree to select the function from"
"：","Filter:"
"未连接属性！","No Property connected!"
"显示枚举项","Display Enum Item"
"未指定枚举项！","No Enum Item specified!"
"显示图标","Display Icon"
"小心使用此节点！这可能会减慢您的 UI","Use this node with care! This might slow down your UI"
"显示预览","Display Preview"
"小心！此元素容易崩溃！","Careful! This element is prone to crashes!"
"仅可显示材质、纹理、灯光、世界和线条样式 显示","Only materials, textures, lights, worlds and line styles can be displayed"
"搜索","Display Search"
"显示 Serpens 快捷方式","Display Serpens Shortcut"
"快捷方式 显示的快捷","Shortcut"
"方式","The shortcut to display"
"从显示属性中的混合数据浏览器复制 blender 快捷方式","Copy blender shortcuts from the blend data browser in display property"
"枚举地图（界面）","Enum Map (Interface)"
"图标库","Icon Gallery"
"标签","Label"
"选择","Select "
"选择菜单位置","Select Menu Location"
"在界面中选择此菜单的位置","Select the location of this menu in the Interface"
"选择位置","Pick Location"
"选择此位置将菜单放入","Pick this location to put the menu into"
"测试","test"
"选择 {space.replace(","Select {space.replace("
"选择面板位置","Select Panel Location"
"在界面中选择此面板的位置","Select the location of this panel in the Interface"
"选择此位置将面板放入","Pick this location to put the panel into"
"在子面板节点上选择此自定义面板","Select this custom panel on the subpanel node"
"选择 {label}","Select {label}"
"选择子面板位置","Select Subpanel Location"
"选择此子面板在界面中的位置","Select the location of this subpanel in the Interface"
"选择此位置以将子面板放入","Pick this location to put the subpanel into"
"打开首选项","Open Preferences"
"进度指示器","Progress Indicator"
"分隔符","Separator"
"添加到菜单","Add To Menu"
"位置","Position"
"此界面在所选菜单中的位置","Position of this interface to the selected menu"
"父级","Parent"
"此界面应显示的菜单 ID","The menu id this interface should be shown in"
"添加到面板","Add To Panel"
"此界面在所选面板中的位置","Position of this interface to the selected panel"
"此子面板应显示的面板 ID","The panel id this subpanel should be shown in"
"函数运行（界面）","Function Run (Interface)"
"要运行的","The function to run"
"函数 函数（界面）","Function (Interface)"
"ID 名称覆盖","Idname Override"
"如果您想自己定义此面板的 ID 名称，请使用此项","Use this if you want to define the idname of this panel yourself"
"此菜单顶部显示的标签","The label shown at the top of this menu"
"{self.title} ","{self.title}"
"INVOKE_DEFAULT","INVOKE_DEFAULT"
" 从父节点更新此子面板的节点值"," Update this subpanels nodes values from the parent node "
" 当父面板更新时调用，更新此节点的设置"," Called when a parent panel is updated, updates this nodes settings "
" 转换为子面板时更新编译顺序"," Updates the compile order when turned into a subpanel "
"面板的标签 面板","The label of your panel"
"所在的空间","The space your panel is in"
"区域","Region"
"面板所在的区域 上下文 面板","The region your panel is in"
"所在","Context"
"的上下文面板所在的","The context your panel is in"
"类别","The category your panel is in (Only relevant if in an N-Panel)"
"（仅在 N 面板中相关）","Order"
"顺序 与其他自定义面板相比的面板顺序","The order of your panel compared to other custom panels"
"隐藏标题","Hide Header"
"隐藏面板标题","Hide the panels header"
"展开标题","Expand Header"
"展开标题以填充整个面板宽度","Expands the header to fill the full panel width"
"默认关闭 默认","Default Closed"
"关闭面板","Closes the panel by default"
"仅限","Shortcut Only"
"快捷方式 仅在使用快捷方式打开而不是在界面中打开时才显示此面板","Only displays this panel when opened with a shortcut and not in the interface"
"是子面板","Is Subpanel"
"此面板是否应为子面板","If this panel should be a subpanel"
"自定义父级","Custom Parent"
"用作此子面板的自定义父面板的","The panel used as a custom parent panel for this subpanel"
"面板 面板宽度","Panel Width"
"弹出窗口和弹出窗口的面板宽度","The panel width for popovers and popups"
"最后一个 ID 名称","Last Idname"
"此面板编译时的最后一个 ID 名称","The last idname that this panel had when it was compiled"
"{self.panel_label} ","{self.panel_label}"
"{self.context}","{self.context}"
"首选项","Preferences"
"多个首选项节点！只能使用一个","Multiple preferences nodes! Only one will be used"
"添加到菜单（旧版）","Add To Menu (Legacy)"
"未使用","Unused"
"添加到面板（旧版）","Add To Panel (Legacy)"
"按钮（旧版）","Button (Legacy)"
"复制菜单（旧版）","Copy Menu (Legacy)"
"应显示的菜单","The menu that should be displayed"
"复制面板（旧版）","Copy Panel (Legacy)"
"显示收藏夹列表（旧版）","Display Collection List (Legacy)"
"显示图标（旧版）","Display Icon (Legacy)"
"显示预览（旧版）","Display Preview (Legacy)"
"显示属性（旧版）","Display Property (Legacy)"
"显示搜索（旧版）","Display Search (Legacy)"
"显示 Serpens 快捷方式（旧版）","Display Serpens Shortcut (Legacy)"
"图标库（旧版）","Icon Gallery (Legacy)"
"If/Else（界面）（旧版）","If/Else (Interface) (Legacy)"
"函数运行（界面）（旧版）","Function Run (Interface) (Legacy)"
"标签（旧版）","Label (Legacy)"
"框（旧版）","Box (Legacy)"
"列（旧版）","Column (Legacy)"
"行（旧版）","Row (Legacy)"
"拆分（旧版）","Split (Legacy)"
"循环（界面）（旧版）","Loop For (Interface) (Legacy)"
"集合类型","Collection Type"
"反转","Reverse"
"反转循环遍历项目的顺序","Reverse the order the loop runs through the items"
"没有连接的集合！","No Collection connected!"
"循环重复（界面）（旧版）","Loop Repeat (Interface) (Legacy)"
"弹出框（旧版）","Popover (Legacy)"
"随此弹出框显示的面板","The panel to display with this popover"
"分隔符（旧版）","Separator (Legacy)"
"子菜单（旧版）","Submenu (Legacy)"
"复制菜单","Copy Menu"
"复制面板","Copy Panel"
"If/Else（界面）","If/Else (Interface)"
"框","Box"
"EXEC_DEFAULT","EXEC_DEFAULT"
"列","Column"
"网格","Grid"
"行","Row"
"拆分","Split"
"循环重复（界面）","Loop For (Interface)"
"循环重复（界面）","Loop Repeat (Interface)"
"弹出","Popover"
"框 子","Submenu"
"菜单 用于此子菜单的","The menu used for this submenu"
"菜单 菜单节点树","Menu Node Tree"
"从中选择菜单的节点树 门户","The node tree to select the menu from"
"此","Portal"
"门户的进入方向","The direction this portal goes in"
"将此门户链接到另一个门户的标识符","The identifier that links this portal to another portal"
"重置门户","Reset Portal"
"重置此门户","Reset this portal"
"函数返回（执行）","Function Return (Execute)"
"函数运行（执行）","Function Run (Execute)"
"返回","Return"
"从中获取值的返回节点","The return node to get values from"
"需要执行","Require Execute"
"移除执行输入并只给您返回值","Removes the execute inputs and only gives you the return value"
"返回节点未连接到函数节点！","Return node not connected to function node!"
"函数（执行）","Function (Execute)"
"固定名称","Fixed Name"
"此函数将使用的固定 Python 名称","A fixed python name that will be used for this function"
"运算符描述","Description of the operator"
"弹出","Popup"
"预选属性","Preselected Property"
"多选","Multiselect"
"返回多个选定项目","Return multiple selected items"
"文件扩展名","File Extensions"
"导出扩展名 导出","Export Extension"
"文件的扩展名","Extension that the file is exported with"
"隐藏属性","Hide Properties"
"隐藏此运算符的属性部分","Hide the properties section of this operator"
"描述：","Description: "
"搜索：","Search: "
"此属性需要为枚举类型！","This property needs to be type Enum!"
"选定：","Selected: "
"此属性需要为枚举或字符串类型！","This property needs to be type Enum or String!"
"文件路径","Filepaths"
"{self.operator_description}","{self.operator_description}"
"运算符上下文","Operator Context"
"此运算符应在其中运行的上下文","The context this operator should run in"
"使用调用","Use Invoke"
"这将运行弹出输出之前并保留交互元素。它赢了","This will run the before popup output and keep the interactive elements. It won"
"bpy.context.area.type =","bpy.context.area.type = "
"画圆","Draw Circle"
"画线","Draw Line"
"画多个","Draw Multiple"
"是否绘制多个点（这比单独的节点更有效率）","Whether to draw multiple points (this is more efficient than separate nodes)"
"画点","Draw Point"
"画四边形","Draw Quad"
"画文字","Draw Text"
"使用 3D 坐标","Use 3D coordinates"
"画三角形","Draw Triangle"
"结束绘制","End Drawing"
"处理","Handler"
"程序 要停止的处理程序","The handler to stop"
"处理程序节点树","Handler Node Tree"
"从中选择处理程序的节点树","The node tree to select the handler from"
"开始绘制","Start Drawing"
"绘制类型","Draw Type"
"应该开始的绘制类型","The type of drawing that should be started"
"绘制空间","Draw Space"
"此运算符可以在其中运行并绘制文本的空间","The space this operator can run in and the text is drawn in"
"从文件","Append From File"
"附加 附加对象的类型","Type of the Append object"
"创建文件夹","Create Folder"
"读取文本文件","Read Text File"
"写入文本文件","Write Text File"
"在文本文件中写入的位置","Where to write to in the text file"
"模态事件","Modal Event"
"模态操作","Modal Operator"
"符 光标","Cursor"
"模态运行时使用的光标","The cursor to use while the modal is running"
"保持交互","Keep Interactive"
"如果启用此选项，则在模态运行时，ui 仍然具有交互性","If this is enabled, the ui is still interactive when the modal is running"
"默认 退出","Default Escape"
"按下退出键或右键单击时自动完成模态。如果关闭此选项，则需要自己添加一种完成模态的方法","Finish the modal automatically when pressing escape or rightclicking. If this is turned off you need to add a way to finish a modal yourself"
"绘制","Draw"
"允许您在模态运行时在界面上绘制此操作符可以运行的空间和以","Lets you draw to the interface while the modal is running"
"sna","The space this operator can run in and elements are drawn in"
"绘制的元素。 ","sna."
"ESC 或右键单击取消模态","ESC or Rightclick to cancel the modal"
"模态快捷键按下","Modal Shortcut Pressed"
"模态视口移动","Modal Viewport Moved"
"返回 模态操作","Return Modal Operator"
"符返回类型","Return Type"
"此模态应完成的方式","The way this modal should be finished"
"设置模态光标","Set Modal Cursor"
"文本大小","Text Size"
"中断","Break"
"枚举映射（执行）","Enum Map (Execute)"
"如果/其他（执行）","If/Else (Execute)"
"循环（执行）","Loop For (Execute)"
"循环重复（执行）","Loop Repeat (Execute)"
"打开菜单","Open Menu"
"应显示的菜单","The menu that should be shown"
"{self.ref_ntree.nodes[self.ref_SN_MenuNode].idname} ","{self.ref_ntree.nodes[self.ref_SN_MenuNode].idname}"
"{self.menu_parent}","{self.menu_parent}"
"打开面板","Open Panel"
"应显示的面板","The panel that should be shown"
"应显示的面板","The panel that should be displayed"
"{self.ref_ntree.nodes[self.ref_SN_PanelNode].last_idname} ","{self.ref_ntree.nodes[self.ref_SN_PanelNode].last_idname}"
"{self.panel_parent}","{self.panel_parent}"
"打开饼形菜单","Open Pie Menu"
"{self.ref_ntree.nodes[self.ref_SN_PieMenuNode].idname}","{self.ref_ntree.nodes[self.ref_SN_PieMenuNode].idname}"
"快捷方式到节点","Shortcut To Node"
"使用粘贴在此快捷方式中的操作符添加节点","Add a node with the operator from this shortcut pasted in"
"从快捷方式查找操作符","Find Operator From Shortcut"
"操作系统键","OS Key"
"标识符","Identifier"
"添加覆盖输入","Add Override Input"
"添加覆盖输入","Adds an override input"
"添加覆盖","Add Override"
"打开弹出窗口以添加覆盖","Opens a popup to add overrides"
"覆盖","Override"
"右键单击​​任何选项以复制该空间中的上下文","Rightclick any option to copy the context in that space"
"添加","Add"
"覆盖上下文","Override Context"
"刷新视图","Refresh View"
"报告","Report"
"报告消息的类型","Type of the report message"
"仅在连接到操作员时才有效","This only works when connected to operators"
"设置编辑选择","Set Edit Select"
"设置标题文本","Set Header Text"
"设置状态文本","Set Status Text"
"间隔运行","Run In Intervals"
"手动停止","Manual Stop"
"多次运行","Run Multiple Times"
"延迟运行","Run With Delay"
" 如果可以索引某个段，则返回该段。段是数据路径的字符串部分"," Returns if a segment can be indexed. A segment is a string part of a data path "
" 根据给定的输入和数据返回数据路径"," Returns the data path based on the given inputs and data "
"Blender 属性","Blender Property"
" 为给定的数据路径创建"," Creates the inputs for the given data path "
"输入 粘贴路径 属性","Pasted Path"
"的完整数据路径","The full data path to the property"
"数据路径","Data Path"
"属性存在","Property Exists"
"运行属性函数","Run Property Function"
" 使用给定的添加回调函数从给定参数添加一个套接字"," Adds a socket from the given parameter with the given add callback "
"路径","Function Path"
"Serpens 属性","Serpens Property"
"添加集合项","Add Collection Item"
"集合长度","Collection Length"
"索引集合属性","Index Collection Property"
"是集合中的索引","Is Index In Collection"
"移动集合项","Move Collection Item"
"移除集合项","Remove Collection Item"
"按此","Item"
"类型移除","Remove by this type"
"项获取自定义属性","Get Custom Property"
"具有自定义属性设置","Has Custom Property"
"自定义属性","Set Custom Property"
"生成动态枚举项","Generate Dynamic Enum Items"
"新枚举项","New Enum Item"
"使用列表节点组合多个枚举项！","Use a list node to combine multiple enum items!"
"制作枚举项","Make Enum Item"
"获取数据脚本行","Get Data Scriptline"
"使用获取属性脚本行获取可转换属性！","Use Get Property Scriptline for transformable properties!"
"获取属性脚本行","Get Property Scriptline"
"要获取的属性的名称","The name of the property you want to get"
"接口脚本","Interface Script"
"源","Source"
"从中获取代码的来源","The source of where to get the code from"
"文件","File"
"保存脚本的外部文件","The external file that holds your script"
"运行脚本时出错！","Error when running script!"
"无法","Couldn"
"\n","\n"
"界面脚本行","Interface Scriptline"
"重新加载脚本","Reload Script"
"从所选源重新加载","Reloads the script from the choosen source"
"脚本运行脚本","Run Script"
"{script[1]} ","{script[1]}"
"{script[2]} ","{script[2]}"
"{script[3]}","{script[3]}"
"脚本行","Scriptline"
"脚本","Script"
"获取属性","Get Attribute"
"具有属性","Has Attribute"
"设置属性","Set Attribute"
"旧变量名称","Old Var Name"
"旧 Python 名称","Old Python Name"
"旧树名称","Old Tree Name"
"变量类型","Variable Type"
"使用自定义","Use Custom"
"使用自定义变量代替独立代码片段变量","Use custom variable instead of the standalone snippet variable"
"节点树","Node Tree"
"从中获取变量的节点树","Node Tree to get the variable from"
" 这会将所有输入/输出和设置添加到代码片段节点"," This adds all in/outputs and settings to the snippet node "
"数据","Data"
"从上一个代码片段文件加载的数据","The data loaded from the last snippet file"
"代码片段 json 文件的路径","The path to the snippet json file"
"您需要选择使用 Serpens 3 创建的片段！","You need to select a snippet that was created using Serpens 3!"
"选择","Choose a "
"粘贴数据路径","Paste Data Path"
"将复制的数据路径粘贴到此节点","Paste the copied data path into this node"
"重置数据路径","Reset Data Path"
"重置此节点的数据路径","Resets the data path of this node"
"所选属性的索引","Index of the selected property"
"将属性添加到此节点","Adds a property to this node"
"从此节点移除所选属性","Removes the selected property from this node"
"编辑属性","Edit Property"
"打开一个弹出窗口以编辑所选属性","Opens a popup for editing the selected property"
"指针","Pointer Property"
"属性 选择要为其生成项目的","Select the property you want to generate items for"
"属性 属性源","Property Source"
"应从哪里选择属性","Where the property should be selected from"
"从属性组中选择属性","Select the property from a property group"
"选择要从中选择属性的属性组","Select the property group to select the property from"
"要从中选择属性的节点树 从中","Node Tree to select the property node from"
"获取属性的节点","The node which to take the property from"
" 返回应在其中搜索属性的集合的父级"," Returns the parent of the collection the property should be searched in "
" 返回应在其中搜索属性组的集合的父级"," Returns the parent of the collection the property group should be searched in "
"来自属性组","From Property Group"
"变量","Variable"
"要从中获取值的变量","Variable to get the value from"
"比较操作","Compare"
"对输入数据执行的操作","Operation"
"切换","Operation to perform on the input data"
"数据","Switch Data"
"切换图标","Switch Icons"
"布尔数学","Boolean Math"
"对输入布尔值执行的操作","Operation to perform on the input booleans"
"反转布尔","Invert Boolean"
"3D视图坐标转2D","3D View Coordinates To 2D"
"组合矢量","Combine Vector"
"应使用的","The type of vector that should be used"
"矢量类型矢量的大小数据","Size of this the vector"
"转图标","Data To Icon"
"要预览的","Type of data to preview"
"数据类型定义数据","Define Data Type"
"类型要将数据输入设置为的数据类型","The type of data that you want to set the data input to"
"枚举设置为列表","Enum Set To List"
"转换弧度/角度","Convert Radians/Degrees"
"弧度","Radians"
"角度","Degrees"
"要查看的区域","Region To View"
"拆分矢量","Split Vector"
"视图转区域","View To Region"
"连接路径","Join Path"
"列表混合文件内容","List Blend File Content"
"列表目录文件","List Directory Files"
"与路径","With Path"
"返回完整路径列表，而不仅仅是文件和目录名称","Returns a list of full paths instead of just the file and directory names"
"使路径成为绝对","Make Path Absolute"
"路径信息限制","Path Info"
"数学","Clamp"
"四舍五入","Math"
"矢量","Round Number"
"数学","Vector Math"
"要开始的操作","The operation you want to commence"
"新随机","New Random"
"显示一个新的随机项目","Shows you a new random item"
"LoFi","LoFi"
"此节点纯粹是为了您的娱乐！","This node is purely for your enjoyment!"
"祝您有美好的一天并享受音乐！","Have a really nice day and enjoy the music!"
"合并字符串","Combine Strings"
"解码字节字符串","Decode Byte String"
"编码字节","Encode Byte String"
"字符串 子字符串在字符串中","Substring is in String"
"连接字符串","Join Strings"
"从","From"
"要映射的值","The value from which to map"
"到 要","To"
"映射到的值","The value to which to map"
"映射字符串","Map Strings"
"填充字符串","Pad String"
"在字符串中替换","Replace in String"
"字符串切片","Slice String"
"拆分字符串","Split String"
"字符串长度","String Length"
"向此节点添加一个项目","Adds an item to this node"
"移除项目","Remove Item"
"从此节点移除一个项目 剥离字符串 要剥离的","Removes an item from this node"
"字符串","Strip String"
"两侧","Sides of the string to strip"
"更改变量","Change Variable By"
"对输入数据执行的操作","Operation to perform with the input data"
"不是字符串、整数或浮点变量！","Not a string, integer or float variable!"
"切换变量","Toggle Variable"
"不是布尔变量！","Not a boolean variable!"
"添加到列表","Add To List"
"方法","Method"
"将项目添加到列表的方法","Method to add the item to the list"
"不是列表变量！","Not a list variable!"
"索引列表","Index List"
"列表元素的索引","Index Of List Element"
"列表中的元素","Element In List"
"列表长度","List Length"
"从列表中移除","Remove From List"
"元素","Element"
"如何找到要删除的元素","How to find the element to delete"
"排序列表","Sort List"
"布局","Layout"
"框架","Frame"
"重新","Reroute"
"路由 导出插件","Export Addon"
"将此插件导出到可安装的 zip 文件","Exports this addon to an installable zip file"
"文件路径","File Path"
"用于导出文件的文件路径","Filepath used for exporting the file"
" 如果需要，将 easybpy 文件添加到插件"," Adds the easybpy file to the addon if needed "
" 将插件资产添加到文件夹"," Adds the addon assets to the folder "
" 将图标添加到文件夹"," Adds the icons to the folder "
" 创建索引文件"," Creates the index file "
" 在文件夹结构中创建插件文件"," Creates the addon files in the folder structure "
" 在给定的文件路径下设置插件文件夹结构"," Sets up the addons folder structure at the given filepath "
" 压缩给定的路径"," Zips the given path "
"此图表类别的名称","The name of this graph category"
"添加图表类别","Add Graph Category"
"添加图表类别","Adds a graph category"
"删除图表类别","Remove Graph Category"
"删除图表类别","Removes a graph category"
"编辑图表类别","Edit Graph Categories"
"编辑插件图表类别","Edit the addon graph categories"
"移动图表类别","Move Graph Category"
"将选定的图表移动到其他类别","Move the selected graph to a different category"
"添加节点树","Add Node Tree"
"向插件添加","Adds a node tree to the addon"
"节点树 删除节点树","Remove Node Tree"
"从插件中移除此节点树","Removes this node tree from the addon"
"附加节点树","Append Node Tree"
"将另一个文件中的节点树附加到此插件","Appends a node tree from another file to this addon"
"从插件中附加此节点树","Appends this node tree from the addon"
" 返回可在选定文件中找到的所有节点树"," Returns all node trees that can be found in the selected file "
"要导入的节点树","Node Tree to import"
"在此混合文件中未找到节点树","No Node Trees found in this blend file"
"对于大型插件，这可能会很慢！","This might be slow for large addons!"
"强制所有节点树编译","Forces all node trees to compile"
"强制取消注册","Force Unregister"
"强制所有节点树取消注册","Forces all node trees to unregister"
"移动节点树","Move Node Tree"
"在列表中移动此节点","Moves this node tree in the list"
"树 复制命令","Copy Command"
"复制命令以在 discord 服务器中发布","Copies the command to post in the discord server"
"导出插件到市场","Export Addon To Marketplace"
"将活动节点树导出到市场","Exports the active node tree to the marketplace"
"插件 URL","Addon URL"
"在此处输入插件的 URL","Enter the url to your addon here"
"插件价格","Addon Price"
"在此处输入插件的价格","Enter the price of your addon here"
"上传类型","Upload Type"
"如果您认为您的插件对其他人有趣，您可以分享它！","If you think your addon is interesting to others you can share it!"
"步骤 1 ","Step 1"
"    • 设置您的插件名称、说明、版本…… ","    • Set your addons name, description, version, ..."
"    • 如果要更新插件，请使用相同的名称","    • If you want to update an addon use the same name"
"    • 选择是否要将混合文件与节点树一起上传","    • Select if you want to upload your blend file with the node tree"
"上传混合文件","Upload blend file"
"步骤 2 ","Step 2"
"    • 进入 discord 上的 #marketplace 频道并发布以下内容：","    • Go in the #marketplace channel on discord and post the following:"
"单击复制！","Click To Copy!"
"    • 系统将要求您上传您的插件。导出它并执行此操作。","    • You will be asked to upload your addon. Export it and do so."
"    • 在此处粘贴插件的链接：","    • Paste the link to your addon in here:"
"    • 在此处输入插件的价格：","    • Enter the price of your addon here:"
"步骤 3 ","Step 3"
"UID","UID"
"属于此引用的节点的 static_uid","The static_uid of the node that belongs to this reference"
"此引用所属的节点的名称","The name of the node this reference belongs to"
"此集合中节点的 idname引用","The idname of the nodes in this collection"
"对此类型节点的引用","References"
"删除","References to the nodes of this type"
" 与节点不匹配的所有引用"," Removes all references that don't match a node "
" 确保所有引用名称与节点名称匹配"," Makes sure all ref names match the node names "
" 返回此集合的所有节点"," Returns all the nodes for this collection "
"可视化脚本编辑器","Visual Scripting Editor"
"此节点树在节点树列表中的索引","The index of this node tree in the node tree list"
"此节点树的变量 变量","The variables of this node tree"
"索引","Variable Index"
"所选变量的","Index of the selected variable"
"索引 节点引用","Node References"
"显示调试","Show Debug"
"在调试面板中显示节点树数据","Show node tree data in the debug panel"
"返回此节点树中给定节点 idname refs 的集合 将给","Returns the collection for the given node idname refs in this node trees"
"定的链接映射到来自套接字、到套接字和链接本身的元组","Maps the given link to a tuple of the from socket, to socket and the link itself"
"检查给定套接字之间的连接是否有效","Check if a connection between the given sockets would be valid"
"检查给定的链接是否有效","Checks if the given link is valid"
"为所有链接插入定义数据节点 无效链接","Inserts define data nodes for all links invalid links"
"仅在此处执行视觉方面，因为这是在评估节点后运行的","Only do visual aspects in here as this is run after evaluating the nodes"
"强制受影响的节点进行更新，具体取决于它是程序还是数据套接字","Forces the affected nodes to update depending on if it's a program or data socket"
"对所有新链接调用 link_insert","Calls link_insert for all new links"
"对所有已删除的链接调用 link_remove","Calls link_remove for all removed links"
"触发对给定链接数据输出和程序输入的更新以更新受影响的程序","Triggers an update on the given links data outputs and program inputs to update the affected program"
"触发对给定链接数据输入和程序输出的更新以更新受影响的程序 查找","Triggers an update on the given links data inputs and program outputs to update the affected program"
"所有更改的节点链接并更新连接 更新","Finds all changed node links and updates the connections"
"此节点树中重新路由的所有输入并显示形状 重新","Updates all inputs and display shapes of the reroutes in this node tree"
"评估此节点树中的所有节点","Reevaluates all nodes in this node tree"
"查找引用节点","Find Referencing Nodes"
"查找引用此节点的所有节点","Find all nodes that reference this node"
"未找到引用","No references found"
"将引用的节点添加到节点树","Adds the referenced node to the node tree"
"ID 名称","ID Name"
"属性","Attribute"
"套接字名称","Socket Name"
"此套接字的名称","Name of this socket"
"动态","Dynamic"
"此套接字在连接时是否添加了另一个套接字","If this socket adds another socket when connected"
"以前是动态的","Previously Dynamic"
"转换数据","Convert Data"
"将传入数据转换为此套接字类型","Convert the incoming data to this sockets type"
"已","Disabled"
"禁用 为此节点禁用此套接字","Disable this socket for this node"
"可以隐藏","Can Be Hidden"
"此套接字的子类型","The subtype of this socket"
"设置此套接字的隐藏值，如果隐藏，则断开所有链接 可","Sets the hide value of this socket and disconnects all links if hidden"
"索引","Indexable"
"此套接字用来索引属性的索引类型","The type of index this socket indexes the property with"
"可更改","Changeable"
"如果此数据套接字类型可以更改","If this data socket type can be changed"
"此套接字现在的类型","The type this socket has right now"
"是变量","Is Variable"
"如果此套接字是可以重命名的变量套接字","If this socket is a variable socket that can be renamed"
"绘制可移除套接字的运算符","Draws the operators for removable sockets"
"绘制动态套接字的","Draws the operators for dynamic sockets"
"运算符 绘制以前动态套接字的运算符","Draws the operators for previously dynamic sockets"
"绘制此套接字","Draws this socket"
"根据 get_color 函数和此套接字的状态绘制此节点的颜色","Draws the color of this node based on the get_color function and the status of this socket"
"将此套接字的 Python 值重置为默认值","Resets this sockets python value back to the default"
"返回此套接字","Returns the python value for this socket"
"的 Python 值 如果此套接字的 Python 值已更改，则设置它并触发更新","Sets the python value of this socket if it has changed and triggers an update"
"根据此套接字的类型触发节点评估","Triggers node evaluation depending on the type of this socket"
"Python 值","Python Value"
"此套接字值的 Python 表示","Python representation of this sockets value"
"形式 返回此套接字的当前值","Returns the current value of this socket"
"根据当前子类型设置默认值，并更新 python 值","Sets the default value depending on the current subtype and updates the python value"
"更新子类型属性的函数以强制更新节点","Update function for the subtype properties to force an update on the node"
"触发对已连接套接字的更新，包括数据和程序套接字。用于假装此节点的数据已改变","Triggers an update to the connected sockets, for both data and program sockets. Used to pretend the data of this node changed"
"递归返回连接到给定输出的输入，跳过重新路由","Recursively returns the inputs connected to the given output, skipping over reroutes"
"返回连接到此输出的所有输入，跳过重新路由","Returns all inputs connected to this output, skipping over reroutes"
"返回此输入来自的插槽，跳过重新路由","Returns the socket this input comes from skipping over reroutes"
"返回此插槽在节点上的索引，如果找不到则返回 -1 在","Returns the index of this socket on the node or -1 if it can't be found"
"其后添加另一个类似的插槽，并将其自身转变为普通插槽","Adds another socket like this one after itself and turns itself into a normal socket"
"此布尔向量的","Size of this boolean vector"
"大小 大小 可编辑","Size Editable"
"集合属性","Collection Property"
"枚举可编辑自定义","Enum"
"项目","Editable Custom Items"
"让您编辑自定义项目","Lets you edit the custom items"
"此插槽的字符串","Stringified items for this socket"
"化项目编辑","Edit Enum Items"
"枚举项目 编辑此插槽的","Edit the enum items of this socket"
"枚举项目 向此插槽添加枚举","Adds an enum item to this socket"
"项目 从此插槽中移除此枚举项目","Removes this enum item from this socket"
"移动项目 将此","Move Item"
"枚举项目移动到此插槽","Moves this enum item in this socket"
"执行","Execute"
"此浮点向量的大小","Size of this float vector"
"default_value","default_value"
"此整数向量的大小","Size of this integer vector"
"接口","Interface"
"之前传递节点的布局类型","Pass through layout type of the node before"
"传递布局类型","Pass Through Layout Type"
"添加动态插槽","Add Dynamic Socket"
"添加另一个类似的插槽","Add another socket like this one"
"移除插槽","Remove Socket"
"移除此插槽","Removes this socket"
"设置图标","Set Icon"
"设置此图标","Sets this icon"
"选择图标","Select Icon"
"显示所有搅拌机图标的选择","Shows you a selection of all blender icons"
"搜索","Search"
"潜在错误警告！","Potential Error Warning!"
"你","You"
"导航","Navigation"
"市场导航","Marketplace Navigation"
"检查更新 加载","Check For Updates"
"插件时在线检查更新","Check for updates online when loading the addon"
"使用彩色节点 将","Use Colored Nodes"
"节点颜色与类别相匹配。 不适用于现有节点","Color nodes to match their category. Does not apply to existing nodes"
"保留错误文件","Keep Error File"
"保留任何引发错误的编译文件的副本","Keeps a copy of any compiled file that threw an error as "
"搜索已加载的插件","Search through the loaded addons"
"搜索已加载的软件包","Search through the loaded packages"
"搜索已加载的片段","Search through the loaded snippets"
"仅限 Serpens 3","Only Serpens 3"
"隐藏以前 serpens 版本的所有结果","Hide all results from previous serpens versions"
"预设节点","Preset nodes"
"强制编译","Force Compile"
"节点文档","Node Docs"
"从复制的 Blender 添加节点","Add Node From Copied"
"：","Blender: "
"插件：","Addon: "
"加载软件包","Load Packages"
"加载片段","Load Snippets"
"加载插件","Load Addons"
"没有找到结果！","No results found!"
"这将显示在您的首选项中：","This will be shown in your preferences:"
"您的插件中没有添加首选项节点。","No preferences node added to your addon."
"编译时间","Compile Time"
"插件编译所花费的时间","Time the addon took to compile"
"暂停重新注册","Pause Reregistering"
"在进行更改时暂停重新注册插件","Pauses reregistering the addon when changes are made"
"变量 可自定义","Variables Customizable"
"保存代码片段变量的可自定义设置","Saves customizable setting of snippet variables"
"属性 可自定义","Properties Customizable"
"保存代码片段属性的可自定义设置","Saves customizable setting of snippet properties"
"正在导出","Is Exporting"
"保存导出的当前状态以对节点进行不同的评估","Saves the current status of exporting to evaluate nodes differently"
"选择器是否活动","Picker Is Active"
"当面板或类似设备的位置选择器处于活动状态时启用此功能","This is enabled when a location picker for panels or similar is active"
"上次复制的","Last Copied Data Type"
"数据类型 上次使用复制属性按钮","The type of data last copied with the copy property button"
"复制的数据类型 上次复制","Last Copied Data Path"
"的数据路径 上次使用复制属性按钮","The path of data last copied with the copy property button"
"复制的数据路径 上次复制的必需属性","Last Copied Required Properties"
"上次复制的必需属性的标识符，以；分隔","The identifiers of the last copied required properties separated by ;"
"显示换行设置","Show Wrap Settings"
"如果启用此选项，则会显示这些面板中文本的换行设置。","If this is enabled, the wrapping settings for the text in these panels are show."
"换行","Line Wrap"
"面板中一行显示的字符数。","The amount of characters shown in a single line in the panel."
"有更新","Has Update"
"Serpens 是否有可用的更新。这是在文件加载时设置的。","If Serpens has an available update or not. This is set on file load."
"调试节点","Debug Nodes"
"调试内部节点代码","Debug internal node code"
"调试套接字","Debug Sockets"
"调试内部套接字","Debug internal socket code"
"代码 仅","Debug Selected Only"
"调试选定节点","Debug only selected nodes"
"保留代码","Keep Code"
"当代码更改时在文本编辑器中保留一个 python 文件","Keeps a python file in the text editor when the code changes"
"调试属性","Debug Properties"
"调试内部属性代码","Debug internal property code"
"调试编译时间","Debug Compile Time"
"打印编译代码所需的时间","Prints the time it takes to compile the code"
"插入套接字按钮","Insert Socket Buttons"
"在动态套接字上显示插入按钮以在上面插入新套接字 加载时","Show an insert button on dynamic sockets to insert a new socket above"
"编译 在加载","Compile On Load"
"文件时编译此插件","Compile this addon when the file is loaded"
"简易 BPY 路径","Easy BPY Path"
"在加载文件时设置。设置为 easy bpy 文件路径。","Gets set when a file is loaded. Set to the easy bpy file path."
"活动节点树","Active Node Tree"
"您的节点树","The node tree you"
"活动","Active Property"
"属性 您的属性","The property you"
"显示属性类别","Show Property Categories"
"显示您的插件属性的","Show categories for your addon properties"
"类别 显示的属性 活动","The properties shown"
"资产","Active Asset"
"您的资产","The asset you"
"插件名称","Addon Name"
"插件的名称 插件","The name of the addon"
"的描述","The description of the addon"
"作者","Author"
"此插件的作者","The author of this addon"
"最低 Blender","Minimum Blender"
"此插件所需的最低 Blender 版本","Minimum blender version required for this addon"
"位置","Location"
"描述可以找到插件功能的位置","Describes where the addons functionality can be found"
"警告","Warning"
"如果存在用户应该注意的错误或问题，则使用","Used if there is a bug or a problem that the user should be aware of"
"文档 URL","Doc URL"
"插件文档的 URL","URL to the addons documentation"
"跟踪器 URL","Tracker URL"
"插件错误跟踪器的 URL 插件","URL to the addons bug tracker"
"将显示的类别","The category the addon will be displayed in"
"自定义类别","Custom Category"
"您的自定义类别","Your custom category"
"重新加载类别的基本数据","Reloads the basic data for a category"
"设置过滤运算符","Sets the filtered operators"
"获取类别的运算符","Gets the operators for a category"
"重新加载操作符列表","Reloads the list of operators"
"加载 bpy 类别的数据","Loads the data for the bpy categories"
"隐藏首选项","Hide Preferences"
"隐藏首选项窗口中的所有面板","Hides all panels in the preferences window"
"全局搜索","Global Search"
"如果全局搜索处于活动状态，则","If the global search is active"
"搜索全局搜索中的项目（用逗号分隔多个查询）","Searches for items in the global search (Separate multiple queries with commas)"
"显示","Show Amount"
"数量 在发现选项卡中显示的项目数量","The amount of items to show in the discover tab"
"仅完全匹配 仅","Full Matches Only"
"显示与完整搜索匹配的","Only show items that match the full search"
"项目 混合数据的类别","Category of blend data"
"搜索数据","Search data"
"显示路径","Show Path"
"显示属性的 python 路径","Show python path of properties"
"显示","Show Graph Categories"
"图表类别显示","Show categories for your addon graphs"
"插件图表的类别显示的图表","The graphs shown"
"覆盖变量图","Overwrite Variable Graph"
"变量","Variable Graph"
"图显示变量的","Graph to display variables from"
"图表删除重复代码","Remove Duplicate Code"
"删除生成的代码中的重复代码（对大型插件的性能影响很小）","Removes duplicate code in the generated code (small performance impact for large addons)"
"格式化代码","Format Code"
"格式化生成的代码中的换行符（对大型插件的性能影响很小）","Formats linebreaks in the generated code (small performance impact for large addons)"
"监视脚本变化","Watch Script Changes"
"将监视运行脚本节点的脚本中的变化，并在保存文件时重新编译插件","Will watch for changes in the scripts of your run script nodes and recompile the addon when you save the file"
"多文件","Multifile"
"将单独的节点树导出为单独的 python 文件","Export the separate node trees as separate python files"
" 删除所有无效的属性"," Removes all attributes that aren't valid "
" 将给定的数据转换为字典，其中包含路径部分和数据的键"," Converts the given data to a dictionary with keys for the path section and the data "
" 返回给定数据、其路径和数据属性"," Returns a data object for the given data its path and the datas attribute "
" 根据给定的属性名称返回名称"," Returns a name based on the given attribute name "
" 返回给定数据的项目类型"," Returns the item type for the given data "
" 返回给定函数的特殊参数"," Returns the special parameters for the given function "
" 返回给定函数的特殊输出"," Returns the special outputs for the given function "
" 返回给定函数的特殊必需参数返回"," Returns the special required parameters for the given function "
" 带有函数参数的字典返回用"," Returns a dictionary with function parameters "
" ; 分隔的字符串，其中包含必需的函数参数"," Returns a string separated by ; with the required function parameters "
" 返回给定路径的数据中的项目。适用于 bpy.xyz 以上的任何内容"," Returns the item in the data for the given path. Works for anything above bpy.xyz "
" 获取 blender python 数据路径并将其转换为 json 路径部分"," Takes a blender python data path and converts it to json path sections "
" 获取 blender python 数据路径并将其转换为索引路径部分"," Takes a blender python data path and converts it to indexed path sections "
" 返回连接到有效数据路径的给定部分"," Returns the given sections joined to a valid data path "
"从市场加载插件","Loads the addons from the marketplace"
"从市场","Loads the packages from the marketplace"
"加载软件包从市场加载片段","Loads the snippets from the marketplace"
"此预设节点的名称","Name of this preset node"
"Idname","Idname"
"此节点的 idname","The idname of this node"
"用于重新创建此节点的字符串化 json 数据","The stringified json data used to recreate this node"
"- - - - - - - - - - - - - - - - -","-  -  -  -  -  -  -  -  -  -  -  -  -  -  -  -"
"更新消息","Update Message"
"Serpens 更新可用！","Serpens Update available!"
"免费更新已发布。","A free update is out."
"您现在就可以去下载！","You can go and download it right now!"
"本次更新包括：","This update includes:"
"  •","  • "