"工具库","Tool Base"
"贝塞尔区域底数","Bezier Area Base"
"‘","'"
"tmp-{}","tmp-{}"
"绘制曲线","Draw Curve"
"笔刷曲线","Brush Curve"
"将字符串矩阵转换回元组","convert stringified matrix back to tuple"
"从 mod 获取点坐标矩阵","get points coord matrix from mod"
"清除此曲线的所有点（需留下 2 个点）","clear all points of this curve (2 pts need to be left)"
"得到一个总数，也就是识别矩阵的一种方法","get a sum number, aka a way to identify a matrix"
"检查给定矩阵是否相等","check if the given matrix are equal"
"将图形横坐标移回原点","move graph abscissa back to origin"
"按给定的步长值向左/向右移动图形横坐标，锚点与第一个点","move graph abscissa left/right by given step value, anchor point with first point"
"改变图形的点不会触发更新，我们需要以某种方式手动发送更新。","changing points of a graph won't trigger an update, we need to send one manually somehow.."
"使用自定义预设矩阵更新修改器编辑曲线，注意","update modifier edit curve with custom preset matrix, note that it"
" 创建随机图"," create rando graph"
"创建正弦图","create sinus graph"
"创建地层（线性离散化）","create stratas (Linear Discretization)"
"百分比/衰减图","graph from percentage/falloff"
"来自最小最大值的图表","graph from min max value"
"更新任何预设枚举或道具的函数","update functions for any preset enum or props"
"仅适用于 vg-edit 的可选参数","facultative arg only for vg-edit"
"仅适用于 psy-fallremap 的兼性参数","facultative arg only for psy-fallremap"
"从上面给出的属性中组合出额外的实例属性","compose additional instance properties from these given above"
"私人，唐","private, don"
"决定是否调用模态框或对话框","decide if we'll invoke modal or dialog"
"当操作员完成时调用","called when the operator has finished"
"对于模态实例","for modal instance"
"当用户按下“确定”时强制调用该函数","mandatory function called when user press on 'ok' "
"传递所有单层文件并转换它们，将尝试自动找到预设","pass over all your single layer file and convert them, will try to find the preset automatically"
"在这个函数中我批量更改/添加 json 字典中的值","in this function i batch change/add values in json dict"
"可见性状态的值可能有问题，需要刷新信号","values of the visibility states might be buggy, need a refresh signal"
"查找发射器动画数据中的 scatter5 属性","find scatter5 properties that found in emitter animation data"
"刷新动画道具","refresh the animated props"
"将在渲染视图中关闭覆盖","will toggle off overlay while in renderede view"
"更新呈现的视图节点组","update rendered view nodegroup"
"消息总线渲染视图检查功能","message bus rendered view check function"
"确保粒子界面绘制正确，该功能在 Geo-Scatter 5.4 中已经实现，可能有些系统需要初始化该界面","ensure that the particle interface is drawn correctly, it has been implemeted in Geo-Scatter 5.4, and there might be some systems that need the interface to be initiated"
"保存 .blend 时，我们会跟踪系统版本。Geo-Scatter 使用几何节点，在较新的 blender 版本中保存会导致向前兼容性问题","when saving a .blend, we keep track of a system version. Geo-Scatter use geometry node, and saving in newer blender version will result in forward compatibility issues"
"等到 bpy.context 不再是 bpy_restrict_state._RestrictContext 为止","wait until bpy.context is not bpy_restrict_state._RestrictContext anymore"
"当用户与系统列表交互时","when user is interacting with system lists"
"返回存储在 .blend 中的处理程序列表","return a list of handler stored in .blend"
"默认_画笔","default_brush"
"工具默认","tool_default"
"点刷","Dot Brush"
"工具点","tool_dot"
"姿势画笔","Pose Brush"
"工具姿势","tool_pose"
"路径画笔","Path Brush"
"刀具路径","tool_path"
"链刷","Chain Brush"
"工具链","tool_chain"
"飞溅笔刷","Spatter Brush"
"刀具飞溅","tool_spatter"
"喷刷","Spray Brush"
"工具喷雾","tool_spray"
"对齐喷刷","Aligned Spray Brush"
"工具喷雾对齐","tool_spray_aligned"
"套索填充","Lasso Fill"
"工具套索填充","tool_lasso_fill"
"克隆笔刷","Clone Brush"
"工具克隆","tool_clone"
"橡皮擦画笔","Eraser Brush"
"工具_橡皮擦","tool_eraser"
"稀释刷","Dilute Brush"
"工具稀释","tool_dilute"
"放松刷","Relax Brush"
"工具平滑","tool_smooth"
"移动笔刷","Move Brush"
"工具移动","tool_move"
"旋转设置画笔","Rotation Settings Brush"
"工具旋转设置","tool_rotation_set"
"随机旋转画笔","Random Rotation Brush"
"工具随机旋转","tool_random_rotation"
"切线对齐画笔","Tangent Alignment Brush"
"工具梳","tool_comb"
"旋转刷","Spin Brush"
"工具旋转","tool_spin"
"正常对齐画笔","Normal Alignment Brush"
"工具z对齐","tool_z_align"
"比例设置画笔","Scale Settings Brush"
"工具比例尺设置","tool_scale_set"
"扩大/缩小画笔","Grow/Shrink Brush"
"工具_增大_收缩","tool_grow_shrink"
"对象索引画笔","Object Index Brush"
"工具对象集","tool_object_set"
"下拉画笔","Drop Down Brush"
"工具下拉列表","tool_drop_down"
"自由移动笔刷","Free Move Brush"
"工具自由移动","tool_free_move"
"机械手","Manipulator"
"scatter5.manual_brush_tool_manipulator_workspace_tool","scatter5.manual_brush_tool_manipulator_workspace_tool"
"工具操作器","tool_manipulator"
"内置选择框","builtin.select_box"
"堆刷","Heaper Brush"
"工具堆","tool_heaper"
"调试 3d","debug 3d"
"调试错误","debug errors"
"内置选择","builtin.select"
"展示","Show"
"圆圈步骤","Circle Steps"
"固定半径","Fixed Radius"
"固定点半径","Fixed Dot Radius"
"禁止进入标志尺寸","No Entry Sign Size"
"禁止进入标志颜色","No Entry Sign Color"
"禁止进入标志厚度","No Entry Sign Thickness"
"轮廓颜色","Outline Color"
"轮廓色彩出版社","Outline Color Press"
"轮廓颜色橡皮擦","Outline Color Eraser"
"轮廓颜色提示","Outline Color Hint"
"轮廓禁用 Alpha","Outline Disabled Alpha"
"大纲助手 Alpha","Outline Helper Alpha"
"轮廓手势助手 Alpha","Outline Gesture Helper Alpha"
"轮廓衰减辅助 Alpha","Outline Falloff Helper Alpha"
"轮廓厚度","Outline Thickness"
"轮廓辅助厚度","Outline Helper Thickness"
"轮廓虚线步骤乘数","Outline Dashed Steps Multiplier"
"填充颜​​色","Fill Color"
"填充颜​​色按钮","Fill Color Press"
"填充颜​​色橡皮擦","Fill Color Eraser"
"填充颜​​色提示","Fill Color Hint"
"填充已禁用的 Alpha","Fill Disabled Alpha"
"填充辅助 Alpha","Fill Helper Alpha"
"填充手势助手 Alpha","Fill Gesture Helper Alpha"
"文字大小","Text Size"
"文字颜色","Text Color"
"工具提示轮廓颜色","Tooltip Outline Color"
"工具提示背景颜色","Tooltip Background Color"
"工具提示轮廓厚度","Tooltip Outline Thickness"
"点大小","Point Size"
"覆盖网格大小","Overlay Grid Size"
"覆盖网格颜色 A","Overlay Grid Color A"
"覆盖网格颜色 B","Overlay Grid Color B"
"信息框比例","Infobox Scale"
"信息框阴影颜色","Infobox Shadow Color"
"信息框填充颜色","Infobox Fill Color"
"信息框轮廓颜色","Infobox Outline Color"
"信息框轮廓厚度","Infobox Outline Thickness"
"信息框标志颜色","Infobox Logo Color"
"信息框文本标题颜色","Infobox Text Header Color"
"信息框文本主体颜色","Infobox Text Body Color"
"操纵器","Maipulator"
"手动工具手势","Manual Tool Gesture"
"手势","Gesture"
"绿叶","VERTS"
"套索基础","Lasso Base"
"添加新面具+菜单","add a new mask + menu"
"“Creation>Scatter”中用户的主要散射运算符","main scattering operator for user in 'Creation>Scatter' "
"mask_types 中几乎所有 mask 模块都使用的通用删除函数","General Remove Function used by almost all mask modules in mask_types"
"在场景复制中烘焙 ao，返回 ao vcol 数组","bake ao in scene dupplicata, return ao vcol array"
"获取每个顶点的 AO 数据","get AO per vertices data"
"规格化","Normalize"
"从给定对象返回三角形点数组","return array of tris points from given object"
"返回给定对象的点数组","return array of points from given object"
"创建给定曲线的网格副本","Create mesh copy of given curve"
"创建动态画布设置","create dynamic paint canvas set-up"
"Scatter5 动态画布","Scatter5 Dynamic Paint Canvases"
"为画笔创建动态绘画画布","create dynamic paint canvas for brush"
"Scatter5 动态画笔","Scatter5 Dynamic Paint Brush"
"Geo-Scatter 额外功能","Geo-Scatter Extra"
"过滤器选择","filter selection"
"在布尔集合中添加新对象并设置为布尔画笔","add new objects in the boolean collection and set as boolean brush"
"更改布尔对象属性","change boolean object properties"
"从给定权重数组中移除剔除距离信息","remove culling distance from information from given weight array"
"从摄像头信息中获取光线追踪（光线只能击中自身网格）","get ray traced from cam info (rays can hit self mesh only)"
"从摄像机信息中获取光线追踪（光线可以照射到所有场景）","get ray traced from cam info (rays can hit all scene)"
"绝对","Absolute"
"根据粒子系统位置接近度创建顶点组","create vertex group from particle system location proximity"
".Scatter5 VcolToVgroup",".Scatter5 VcolToVgroup"
".Scatter5 VgroupMerge",".Scatter5 VgroupMerge"
".Scatter5 VgroupSplit",".Scatter5 VgroupSplit"
"裁剪","Cropping"
"光滑的","Smooth"
"动态更改类别并在更新时重新加载某些面板","dynamically change category & reload some panel upon update"
"addon_prefs.blend_environment_paths[x]","addon_prefs.blend_environment_paths[x]"
"  88","  88"
"使用叠加","Use Overlay"
"用于注册 popovers 参数的 codegen","codegen for registering popovers args"
"用于注册所有 ui 打开/关闭属性的代码生成","codegen for registering all ui open/close properties"
"仅用于创建指针的虚拟类","dummy class used just to create pointers"
"bpy.context.window_manager.scatter5.ui.popovers_args","bpy.context.window_manager.scatter5.ui.popovers_args"
"scat_ui = bpy.context.window_manager.scatter5.ui，用于打开/关闭gui的道具","scat_ui = bpy.context.window_manager.scatter5.ui, props used for opening/closing gui"
"scat_object = bpy.context.object.scatter5","scat_object = bpy.context.object.scatter5"
"首次读取时生成一次 uuid","generate uuid once on first read"
"-2.147.483.647 和 2.147.483.647 之间的随机 ID","random id between -2.147.483.647 & 2.147.483.647"
"返回此发射器的活动粒子系统，将返回 bpy.types.Object 或 None","return the active particle system of this emitter, will return bpy.types.Object or None"
"返回此发射器的选定粒子系统，注意活动 psy 不被视为选定，将返回一个列表","return the selected particle systems of this emitter, note that active psy is not considered as selected, will return a list"
"地理散射地理节点","Geo-Scatter Geonode"
"地理散射表面","Geo-Scatter Surfaces"
"地理散点图","Geo-Scatter Ins Col"
"在particle_interface_items接口中激活该组","get the group active in the particle_interface_items interface"
"清理未使用的组","cleanse unused groups"
"心理医生","MyPsy"
"设置界面项，可以直接通过item设置，也可以通过item_type和item_name设置。","set interface items, either set by item directly, or set by item_type and item_name"
"object.scatter5.particle_interface_items 将在主要用户交互中不断重建","object.scatter5.particle_interface_items will be constantly rebuild on major user interaction"
"从心理元组获取组元组","get group tuple from psy tuple"
"获取此物体网格的平方米（未评估模块），小心，可能会很慢，不能实时运行","get the m² of this object mesh (mods not evaluated),  carreful, might be slow, do not run in real time"
"需要估计未来的心理密度","needed to estimate future psy density"
"在复制对象时是必需的，它还将复制每个对象的属性，如果 blender 有真正的 uuid，则可以更优雅地解决","is needed when dupplicating an object, it will also dupplicate every object properties, coulld be solved more elegantly if blender had real uuid"
"从 scatter_obj 中找回 psy","find back psy from a scatter_obj"
"uuids = bpy.context.scene.scatter5.uuids[i]","uuids = bpy.context.scene.scatter5.uuids[i]"
"scat_scene = bpy.context.scene.scatter5","scat_scene = bpy.context.scene.scatter5"
"返回所有发射器的列表","return list of all emitters"
"返回所有 psys 的列表","return a list of all psys"
"通过其独特的名字获取 psy","get a psy by it's unique given name"
"通过其唯一的 uuid 值获取 psy","get a psy by it's unique uuid value"
"当前使用的模式：DRAW_AREA | MANUAL | PSY_MODAL | FACE_SEL","mode currently used: DRAW_AREA | MANUAL | PSY_MODAL | FACE_SEL"
"bpy.data.node_groups[i].scatter5","bpy.data.node_groups[i].scatter5"
"bpy.context.scene.scatter5.emitter.scatter5.mask_systems","bpy.context.scene.scatter5.emitter.scatter5.mask_systems"
"返回表面对象列表","return a list of surface object(s)"
"将视口选择添加到表面列表中","add the viewport selection to the list of surfaces"
"scat_ops = bpy.context.scene.scatter5.operators","scat_ops = bpy.context.scene.scatter5.operators"
"p.group 的更新函数，将相应刷新所有组属性","update function of p.group, will refresh all group properties accordingly"
"姓名","name"
"生成冗余的featuremasks属性声明","generate the redudant the properies declaration of featuremasks"
"我的_propXX","my_propXX"
"这个有趣的目标是生成冗余的属性声明","this fun goal is to generate the redudant the properies declaration"
"bpy.context.object.scatter5.particle_systems，将存储在发射器上","bpy.context.object.scatter5.particle_systems, will be stored on emitter"
"对于重命名函数很重要，避免名称冲突","important for renaming function, avoid name collision"
"在 add_psy_virgin 中生成的 uuid，永远不应为 0，用于内部目的","uuid generated in add_psy_virgin, should never be 0, internal purpose"
"实例生成器对象。锁定在场景原点上的对象，我们","Instance generator object. An object locked on scene origin where we"
"从 scatter_obj 获取“Geo-Scatter Engine MK..”修饰符的最新版本","get 'Geo-Scatter Engine MK..' modifiers latest version from scatter_obj"
"仅准备就绪！由 `psy.particle_interface_idx` 更新函数 `on_particle_interface_interaction()` 自动更新","ready only! auto-updated by `psy.particle_interface_idx` update function `on_particle_interface_interaction()`"
"使用 Geo-Scatter 或 Biome-Reader 创建的散射系统？","Scatter system created with Geo-Scatter or Biome-Reader ?"
"使用此散射系统创建散射版本","Scatter version upon with this scatter-system was created"
"Blender 版本基于此散射系统而创建","Blender version upon with this scatter-system was created"
"验证此 psy 版本是否适合当前插件版本","verify if this psy version is adequate to the current addon version"
"验证此 psy blender 版本是否适合用户当前使用的 blender 版本","verify if this psy blender version is adequate to the current version of blender the user is using"
"我们","we"
"获取该系统（自身）所属的组，如果不属于任何组则返回 None 。","get group of which this system (self) is a member of, will return None if not part of any groups"
"检查给定的键（可以是完整的 propname 或者只是类别名称）是否被锁定","check if given keys, can be full propname or just category name, is locked"
"检查所有类别是否被锁定（主要用于在 GUI 中显示锁定图标）","check if all categories are locked (mainly used to display lock icon in GUI)"
"锁定所有财产类别","lock all property categories"
"解锁所有属性类别","unlock all property categories"
"检查 psy 是否正在同步","check if the psy is being synchronized"
"获取有关什么与什么同步的信息","get information about what is sync with what"
"检查给定的属性类别是否有效","check if the given property category is active"
"直接运行属性更新任务函数（== 更改节点树），不更改任何属性值，也不进入更新 fct 包装器/调度器","directly run the property update task function (== changing nodetree) w/o changing any property value, and w/o going in the update fct wrapper/dispatcher"
"刷新此属性值","refresh this property value"
"对于每个设置，确保节点树已更新","for every settings, make sure nodetree is updated"
"实时计数，仅适用于视口，如果有数百万个点可能会太慢，并且不适用于点云显示","get count in real time, only for viewport, might be too slow if millions of points, also, will not work for point cloud display"
"评估 psy 粒子数 (如果 psy 被隐藏，将取消隐藏) 慢！不实时","evaluate the psy particle count (will unhide psy if it was hidden) slow! do not in real time"
"独立评估该散射系统的 psy 密度/m²，将暂时移除掩码和优化 - 小心可能会很慢 - 请勿实时运行","evaluate psy density /m² of this scatter system independently of , will remove masks and optimizations temporarily -- CARREFUL MIGHT BE SLOW -- DO NOT RUN IN REAL TIME"
"需要 GUI 绘图..","needed for GUI drawing.."
"收集所有使用过的表面的匹配属性","gather matching attributes accross all surfaces used"
"将收集或选择性地刷新表面的每个对象：object.scatter5.estimated_square_area","will gather or optionally refresh each obj of the surfaces: object.scatter5.estimated_square_area"
"s_scale_random","s_scale_random"
"s_scale_shrink","s_scale_shrink"
"s_scale_grow","s_scale_grow"
"s_scale_mirror","s_scale_mirror"
"内部属性将从给定的节点树名称更新 TEXTURE_NODE 节点树，用于预设，最重要的是复制/粘贴或同步","Internal property that will update a TEXTURE_NODE node tree from given nodetree name, used for presets and most importantly copy/paste or synchronization"
"s_rot_random","s_rot_random"
"s_rot_add","s_rot_add"
"s_rot_tilt","s_rot_tilt"
"s_patternX_allow","s_patternX_allow"
"s_patternX_texture_ptr","s_patternX_texture_ptr"
"s_patternX_color_sample_method","s_patternX_color_sample_method"
"s_patternX_id_color_ptr","s_patternX_id_color_ptr"
"s_patternX_id_color_tolerence","s_patternX_id_color_tolerence"
"s_patternX_dist_infl_allow","s_patternX_dist_infl_allow"
"s_patternX_dist_influence","s_patternX_dist_influence"
"s_patternX_dist_revert","s_patternX_dist_revert"
"s_patternX_scale_infl_allow","s_patternX_scale_infl_allow"
"s_patternX_scale_influence","s_patternX_scale_influence"
"s_patternX_scale_revert","s_patternX_scale_revert"
"s_pattern1","s_pattern1"
"s_pattern2","s_pattern2"
"s_pattern3","s_pattern3"
"s_abiotic_elev","s_abiotic_elev"
"s_abiotic_lope（非生物斜率）","s_abiotic_slope"
"s_abiotic_dir","s_abiotic_dir"
"s_abiotic_cur","s_abiotic_cur"
"s_abiotic_border","s_abiotic_border"
"s_proximity_repel1","s_proximity_repel1"
"s_proximity_repel2","s_proximity_repel2"
"s_proximity_outskirt","s_proximity_outskirt"
"返回局部散射系统列表，用于 prop_search","return list of local scatter-systems, used for prop_search"
"s_ecosystem_affinity_XX_ptr","s_ecosystem_affinity_XX_ptr"
"s_ecosystem_affinity_XX_type","s_ecosystem_affinity_XX_type"
"s_ecosystem_affinity_XX_max_value","s_ecosystem_affinity_XX_max_value"
"s_ecosystem_affinity_XX_max_falloff","s_ecosystem_affinity_XX_max_falloff"
"s_ecosystem_affinity_XX_limit_distance","s_ecosystem_affinity_XX_limit_distance"
"生态系统亲和力","s_ecosystem_affinity"
"s_ecosystem_repulsion_XX_ptr","s_ecosystem_repulsion_XX_ptr"
"s_ecosystem_repulsion_XX_type","s_ecosystem_repulsion_XX_type"
"s_ecosystem_repulsion_XX_max_value","s_ecosystem_repulsion_XX_max_value"
"s_ecosystem_repulsion_XX_max_falloff","s_ecosystem_repulsion_XX_max_falloff"
"生态系统排斥","s_ecosystem_repulsion"
"s_push_offset","s_push_offset"
"推送目录","s_push_dir"
"s_push_noise","s_push_noise"
"推落","s_push_fall"
"s_wind_wave","s_wind_wave"
"s_wind_noise","s_wind_noise"
"获取此粒子实例化方法使用的所有对象","get all objects used by this particle instancing method"
"s_instances_id_XX_rate","s_instances_id_XX_rate"
"s_instances_id_XX_scale_min","s_instances_id_XX_scale_min"
"s_instances_id_XX_scale_max","s_instances_id_XX_scale_max"
"s_instances_id_XX_color","s_instances_id_XX_color"
"bpy.context.object.scatter5.particle_groups，将存储在发射器上","bpy.context.object.scatter5.particle_groups, will be stored on emitter"
"列出所有指定组的成员 psys","list all psys being members given group"
"对于每个设置，确保 psys 成员的节点树已更新","for every settings, make sure nodetrees of psys members are updated"
"用于重命名组的特殊更新名称功能","special update name function for renaming a group"
"开启/关闭群组系统","open/close the group system"
"找到我们插件中加载的所有类","find all classes loaded in our plugin"
"查找所有在注释空间中保留 blender 枚举属性的类","find all classes who detain blender enum properties in their annotation space"
"检查此物品是否需要修补，如果物品的图标元素有修补信号","check if this item need to be patched, if the icon element of the item has a patchsignal"
"如果需要，可以修补项目的图标元素","patch icon element of an item if needed"
"使用用户自定义的 addon_prefs.library_path 从目录模块更新全局","update global from  directories module with user custom addon_prefs.library_path"
"启动库目录","Startup the library directories"
"使用 bpy.utils.preview 安装预览，将尝试搜索给定目录中的所有图像文件","install previews with bpy.utils.preview, will try to search for all image file inside given directory"
"使用 bpy.utils.preview 安装预览，将循环遍历图像路径列表","install previews with bpy.utils.preview, will loop over list of image path"
"使用 bpy.utils.preview 删除预览","remove previews wuth bpy.utils.preview"
"用于调试目的","for debug purpose"
"解压给定的 zip 文件","unzip given zip file"
"检查此 zip 中是否有 .blends","check if there are .blends in this zip"
"翻译这个字符串","translate this string"
"审视所有翻译函数，并创建翻译字典文件，关键始终是英语","introspect all translate() function, and create traduction dict files, key is always english"
"在背景中渲染此生物群系/此物品预设的预览","Render a preview of this biome/preset for this item in background"
"发射器远","emitter_far"
"缩略图","Thumbnail"
"从 json 字典中获取实例列表信息","get instance list information from json dict"
"在散点库和环境路径中搜索给定基本名称的完整路径","search for the full path of given basename in the scatter library & environment paths"
"批量导入生物群系预设文件的所有相关对象","batch import all related objects of a biome preset file"
"与 'add_biome()' 相同，但增加了进度条系统的复杂程度，以及自定义行为设置","same as 'add_biome()', with added layer of complexity of progress bar system, and custom behavior settings"
"\n •","\n • "
"从生物群系文件导入依赖对象，一次性完成以达到优化目的","import dependencies objects from biome files, done at once for optimization purpose"
"导入指令","import_instruction"
"添加新的生物群落层（或者可选地，分配材料，或执行脚本，当前未使用）","Add a new biome layer, (or optionally, assing a material, or execute a script, currently unused)"
"添加层说明","addlayer_instructions"
"直接掩模绘画选项的特殊说明","special instruction for direct mask painting option"
"quickpaint_instruction","quickpaint_instruction"
"安全指令","security_instruction"
"直接绘画","DirectPaint"
"散射生物群系库默认位于：","the scatter Biome Library is by default located in:"
"您可以自由地在此位置内创建子文件夹。","You are free to create subfolders within this location."
"  ","  "
"重命名生物群系 json/files","rename a biome json/files"
"返回 scatter5 认为与给定生物群系相关的所有路径的列表","return a list of all paths that scatter5 believe are linked with the given biome"
"     •","     • "
"默认","default"
"实用函数可快速定义发射器、表面、实例、心理名称和颜色","utility function to define emitter, surfaces, instances, psy name&color quickly"
"无名称","No Name"
"取决于 ctxt_f 调整散射系统","depending on ctxt_f tweak scatter-system"
"如果从脚本运行“Creation>Scatter”中的用户主散射运算符，请注意有一些全局参数可能会对此操作产生影响，例如安全功能","main scattering operator for user in 'Creation>Scatter' if running this from script, note that there are a few globals parameters that could have an influence over this operation, such as the security features"
"运行 add_psy_preset 而不使用预设，并使用自己的密度和默认设置覆盖","running add_psy_preset w/o using presets and overriding with own density & default settings"
"手动的","manual"
"...","..."
"規格","vg"
"surfdefine","surfdefine"
"位图","bitmap"
"标准","standard"
"曲线","curve"
"散射光散射","QScatter"
"维基百科","Vgroup"
"QuickSatterTexture","QuickSatterTexture"
"窗户","Window"
"从自定义加载的预览动态创建 EnumProperty","Dynamically create EnumProperty from custom loaded previews"
"检查发射器发射器类型是否为网格","check if emitter emitter type is mesh"
"轮询 bpy.context.scene.scatter5.emitter prop 的 fct。","poll fct  for bpy.context.scene.scatter5.emitter prop"
"每次 depsgraph 更新时，检查用户是否移除了发射器，我们需要更新场景的主发射器道具","on each depsgraph update, check if user has removed the emitter, we need to update the main emitter prop of scene"
"depsgraph：如果处于 pineed 模式，则自动将发射器指针更新为 context.object","depsgraph: automatically update emitter pointer to context.object if in pineed mode"
"depsgraph：清理已重复（非实例）的发射器对象","depsgraph: clean up emitter objects that have been dupplicated (not instanced)"
"despgraph：检查 f_surfaces 中是否没有删除的表面","despgraph: check if no deleted surfaces in f_surfaces"
"检查发射器是否适合散射预设或生物群系","check if emitter is ok for scattering preset or biome"
"Scatter5 用户列","Scatter5 User Col"
"空发射","EmptyEmit"
"地理分散","Geo-Scatter"
"分散合并","ScatterMerge"
".分散合并",".ScatterMerge"
"返回所有使用此集合作为 s_instances_coll_ptr 的 scatter5 psy","return all scatter5 psy that use this collection as s_instances_coll_ptr"
"检查物体是否兼容分散","check if object compatible to be scattered"
"返回兼容对象的生成器","return a generator of compatible object"
"仅适用于实例列表上下文的运算符","operator only for the insance list context"
"系数计算","Coef Calculation"
"查找属性的默认值","find default value of a property"
"修复缺失/损坏/较旧的地理节点引擎节点组及其修改器","fix missing/broken/older geonode engine nodegroups and their modifiers"
"将可能损坏的 scatter-obj 重新附加到 scatter 系统设置","re attach potentially broken scatter-obj to the scatter system settings"
"散射对象：","scatter_obj : "
"心理：","psy : "
" 字典 -> 设置"," dict -> settings "
"设置 attr，但首先检查 attr 是否在我们的属性字典中，默认情况下将返回是否找到 attr，如果您想检查并且 prop 是否为布尔值并且为 true，请使用 return_value","set attr, but check if attr in our dictornary of properties first, by default will return if attr was found, use return_value if you'd like to check and if the prop was a boolean and true"
"散射纹理类型的辅助函数，在下面各处都有用到","helper funciton for scatter ng texure type, used a bit everywhere below"
"辅助函数用于分配存储在字典中的通用掩码属性","helper function to assign universal mask properties stored in dict"
" 字典 <- 设置"," dict <- settings "
"散射纹理类型的辅助函数，在下面各处都有用到","helper funciton for scatter ng texture type, used a bit everywhere below"
"将掩码设置集合保存在 .preset 字典中，这是一个通用的掩码系统，所有设置都以相同的方式实现","saving masks settings collection in .preset dict, this is an universal mask system, all settings are implemented the same way"
"外部运算符，在创建时我们使用 bpy.ops.scatter5.add_psy_preset()","external operator, on creation we use bpy.ops.scatter5.add_psy_preset()"
"仅当 alt 行为 == 自动选择|活动时使用","only used if alt behavior == automatic selection|active"
"需要将菜单一分为二，因为向 GUI 菜单传递文本参数非常困难","needed to split the menu in two because passing a text argument to gui menus is incredibly difficult"
"每个类别标题的版本","version for per category header"
"用户界面列表版本","version for ui list"
"   ","   "
"移除选定的粒子系统","Remove the selected particle system(s)"
"批量设置 设置所有 psy 选择状态","batch set set all psy selection status"
"当用户将粒子系统设置为活动状态时运行的函数，用于 shift&alt 快捷键，也可以更改选择","function that run when user set a particle system as active, used for shift&alt shortcut, also change selection"
"切换全选","toggle select all"
"选择/取消选择对象","Select/Deselect an object"
"返回所有潜在 psys 的搜索列表","return list of all potential psys for search"
"bpy.context.scene.scatter5.sync_channels[i].成员","bpy.context.scene.scatter5.sync_channels[i].members"
"bpy.context.scene.scatter5.sync_channels","bpy.context.scene.scatter5.sync_channels"
"检查同步频道成员中是否存在 psy","check if a psy exists in sync channel members"
"检查给定的设置类别是否正在同步","check if given settings category is being sync"
"返回 psy 成员列表","return a list of psy members"
"添加给定的心理参数作为新成员","add the given psy args as new members"
"确保所有设置都设置为相同的值","make sure all settings are set to the same values"
"预设的特殊创建选项，相当传统，现在我们有映射种子嵌入设置","special creatiion options for presets, quite legacy, now we have mapping seed embedded settings"
"bpy.data.node_groups[i].scatter5.texture","bpy.data.node_groups[i].scatter5.texture"
"收集此纹理数据的所有散射系统/组系统用户","collect all scatter-systems/group-systems user of this texture data"
"从散点纹理节点组返回设置字典","return a settings dict from a scatter texture nodegroup"
"将设置应用于散射纹理节点组","apply settings to a scatter texture nodegroup"
"将部分旧纹理数据信息转换为新纹理，scatter5 beta","partially convert legacy texture data information to new texture, scatter5 beta"
"投影空间：","Projection Space:"
"绘制纹理数据块","draw texture datablock"
".S5PatternViz",".S5PatternViz"
"散点可视化工具","ScatterVisualizer"
".ScatterTextureVisualizer",".ScatterTextureVisualizer"
"用于在调用函数操作符时添加延迟的计时器","timer used to add delay when calling operator of the function"
"更新节点组调度，该函数不可以直接使用，请改用 factory()","update nodegroup dispatch, this function is not meant to be used directly, use factory() instead"
"当用户按下 alt 时将值同步到所有选定的 psy","sync value to all selected psy when user is pressing alt"
"更新时同步所有设置，设置在更新工厂中同步","sync all settings while updating, settings get synced in the update factory"
"避免设置颜色时出错","Avoid Error when setting colors"
"从 psy 节点树获取节点","get node from psy nodetree"
"根据节点条目类型，根据节点名称在 psy 节点树中设置值","set value in psy nodetree from node name, depending on node entry type"
"将 psy 节点树中的节点颜色静音","mute a color of a node in psy nodetree"
"将 psy 节点树中的节点静音","mute a node in psy nodetree"
"在 psnodetree 中将两个节点链接在一起","link two nodes together in psy nodetree"
"更改纹理 ptr == 将纹理节点树分配给 psy 纹理节点组","changing a texture ptr == assigning texture nodetree to a psy texture nodegroup"
".纹理 *默认* MKIV",".TEXTURE *DEFAULT* MKIV"
"更新 psy 节点树中的关键字节点","update keword node in psy nodetree"
"从 psy 节点获取关键字值","get keyword value from psy node"
"节点树的随机心理函数，将分配属性","random psy function of a nodetree, will assign property"
"从节点获取重映射图点矩阵","get remap graph points matrix from node"
"从矩阵 str 设置重映射图矩阵","set remap graph matrix from matrix str"
"计时器用于增加延迟，直到凸轮停止移动","timer used to add delay until cam has stopped moving"
"更新节点组","update nodegroup"
"当用户在集合中添加/删除对象时运行 uuid 更新，在 depsgraph 更新上运行","run uuid update when user is adding/removing objects in collections, run on depsgraph update"
"从节点树中的 uuid 设置等价 id，仅适用于多表面 + 手动分布","set equivalence id from uuid in nodetree, only for multi-surface + manual distribution"
"更新开始/结束帧节点组","update start/end frame nodegroup"
"确保 BoolProperty 的值与 EnumProperty 同步","ensure values of BoolProperty are in synch with EnumProperty "
"更新 fct 可以是生成器 fct，也可以是直接更新 fct","update fct can either be a generator fct or just a direct update fct"
"只需用标签标记功能","just mark function with tag"
"代码生成，自动创建通用掩码系统的更新函数","code generation, automatize the creation of the update functions for the universal mask system"
"撤消所有组功能（如果 psy 不再分配给任何组）","undo all group features (if a psy is not assigned to any groups anymore)"
"从给定的 propname 运行更新函数等效项，如果找到 propname，则返回 True，否则返回 False","run update function equivalence from given propname, return True if propname found else False"
"创建新的置换修改器","create a new displace modifier"
"自动 bpy.ops.mesh.bisect()","automatic bpy.ops.mesh.bisect()"
"在库中写入一个带有布尔语句的小文本文件","write in library a little text file with boolean statement"
"从文本文件中获取语句，如果没有找到，则认为是打开的","get statement from text file, if none found, then consider that is open"
"bpy.context.window_manager.scatter5.library","bpy.context.window_manager.scatter5.library"
"检查这条路径上是否有一些生物群落","check if there's some biomes down this path"
"将映射包含基本信息的路径文件夹生物群系结构","will map a path folder biome structure with basic information"
"。","."
"为 scatter5 管理器库的每个元素注册每个预览","Register every previews for each elements of scatter5 manager library"
"取消注册库中的所有图标","unregister all icons of library"
"获取给定元素的图标 ID。图标","get icon id of given element.icon"
"检查此路径中是否存在其他带有某些生物群落的嵌套文件夹（用于文件夹导航 ICON gui）","check if there's some other nested folder with some biomes in this path (for folder navigation ICON gui)"
"调用默认","INVOKE_DEFAULT"
"绘制用户生物群落库","Draw user Biome Library"
"该文件夹似乎为空！","This Folder Seems to be empty!"
"在线商店","Draw Online Store"
"每隔 X 天或未找到 last_fetch_path 路径时将所有预览写入磁盘","Write all Previews on disk every X Days or if last_fetch_path path not found"
"AddonPrefs 类的绘图功能，存储在属性中","drawing dunction of AddonPrefs class, stored in properties"
"这两种许可证都可以在“www.geoscatter.com/legal”上找到","Both licenses can be found on “www.geoscatter.com/legal”"
"本协议可在“www.geoscatter.com/legal”上查阅","This agreement is available on “www.geoscatter.com/legal”"
"联系信息：","Contact Information:"
"访问“www.geoscatter.com”","Visit “www.geoscatter.com”"
"访问“www.geoscatter.com/legal”","Visit “www.geoscatter.com/legal”"
"*如果文本不可读，请扩展此界面。","*Extend this interface if texts are not readable."
"冒名顶替者主页","Impostor Main"
"冒名顶替者标头","Impostor Header"
"设置","Settings"
"进口商T面板","importor T panel"
"暂时将插件首选项的绘图代码 Monkey patch 为我们自己的代码","Monkey patch drawing code of addon preferences to our own code, temporarily"
"注册冒名顶替者","register impostors"
"恢复并查找原始绘图类","restore and find original drawing classes"
"TODO 创建 .excel 表，将其按列分成单列文件，从单列创建枚举，然后创建枚举，使 Translation() fct 在重新启动时工作","TODO create .excel sheet, separate it per column into single column file, create enum from single column, make enum then made translate() fct work on restart"
"支持的语言：","Supported Languages:"
"        -英语","        -English"
"        -西班牙语","        -Spanish"
"        -法语","        -French"
"        -日本人","        -Japanese"
"        -中文（简体）","        -Chinese (Simplified)"
"收集键盘映射项","collect keymap item"
"塞尔","sel"
"隐藏视口","hide_viewport"
"隐藏渲染","hide_render"
"锁","lock"
"s_visibility_view_allow","s_visibility_view_allow"
"s_visibility_maxload_allow","s_visibility_maxload_allow"
"s_visibility_facepreview_allow","s_visibility_facepreview_allow"
"s_visibility_cam_allow","s_visibility_cam_allow"
"s_display_allow","s_display_allow"
"检查给定的路径是否位于 GUI 中正在关闭的文件夹中","check if the given path is located in a folder being closed in the gui"
"获取界面中使用的有用道具","get useful props used in interface"
"绘制主创作面板","draw main creation panel"
"根据实例和选项查找粒子系统名称","find particle system name depending on instances and options"
"根据实例和选项查找粒子系统颜色","find particle system color depending on instances and options"
"*汽车*","*AUTO*"
"绘制主面板标题","draw main panels header"
"修饰符","modifier"
"屏蔽列表设置为活动","mask lists to set active"
"Scatter5 置换 img-uv","Scatter5 Displace img-uv"
"UV 置换","UV Displace"
"Scatter5 置换噪声 01","Scatter5 Displace noise 01"
"噪音置换 01","Noise Displace 01"
"Scatter5 置换噪音 02","Scatter5 Displace noise 02"
"噪音置换 02","Noise Displace 02"
"绘制手动子面板","draw manual sub panel"
"错误：活动画笔为无！您是怎么做到的？","ERROR: Active Brush is None! how did you do that?"
"      ","      "
"未知：{}","unknown: {}"
"未知：{}:{}","unknown: {}:{}"
"同步一切","Sync Everything"
"同步工具属性","Sync Tool Properties"
"同步位置属性","Sync Location Properties"
"同步旋转属性","Sync Rotation Properties"
"同步比例属性","Sync Scale Properties"
"同步设置属性","Sync Settings Properties"
"我的群组","MyGroup"
"选择区域","selection area"
"弹出窗口仅由 draw_coll_ptr_prop() 使用","popover only used by draw_coll_ptr_prop() "
"bpy.context.object.scatter5.particle_interface_items，将存储在发射器上","bpy.context.object.scatter5.particle_interface_items, will be stored on emitter"
"大/小项目列表的绘制项目功能非常相似","drawing item function for large/small item lists are highly similar"
"错误：项目为无","ERROR: Item is None"
"错误：项目来源为无","ERROR: Item source is None"
"系统列表紧凑尺寸，适用于 N 面板和快速列表快捷方式","system-list compact size, for N panel & quick list shortcut"
"系统列出完整选项，用于管理器界面","system-list full options, for manager interface"
"布局模板根据上下文在 'scatter5.fix_nodetrees' 或 'scatter5.fix_scatter_obj' 中绘制一个 quickfix 按钮 operator_id","layout template to draw a quickfix button operator_id in 'scatter5.fix_nodetrees' or 'scatter5.fix_scatter_obj' depending on context"
"用于调整面板，也用于快速列表界面","used in tweaking panel but also in quick lister interface"
"调试接口，仅限开发人员","Debug Interface, Dev Only"
"发射器.粒子接口_idx","emitter.particle_interface_idx"
"发射器.粒子接口刷新（）","emitter.particle_interface_refresh()"
"发射器.粒子系统：","emitter.particle_systems:"
"发射器.粒子组：","emitter.particle_groups:"
"psy_active 信息：","psy_active info:"
"针对我们的群组系统项目的特殊移动设置行为","special move-set behavior for our group system item"
"箱板之间的间距","spacing between box panels"
"箱板末端的间距","spacing at the end of a box panel"
"绘制子面板打开模板，使用fct添加自己的设置","draw sub panel opening template, use fct to add own settings"
"检查是否应该绘制界面，如果没有创建或激活任何内容","check if interface should be drawn, if nothing created or active"
"检查类别是否被锁定","check if category is locked"
"检查类别主允许是否关闭","check if category master allow is off"
"在可见性和显示功能中绘制视口方法","draw viewport method in visibility and display features"
"地理分散用户列","Geo-Scatter User Col"
"绘制集合指针模板，用于 psy 或 group","draw collection pointer template, for psy or group"
"绘制 context_scene.scatter5 相机更新依赖项方法","draw context_scene.scatter5 camera update dependencies method"
"绘制过渡控制特征，该特征重复多次","draw the transition control feature, this feature is repeated many times"
"每个通用掩码 API 都应该有 _mask_ptr _mask_reverse","every universal masks api should have _mask_ptr _mask_reverse"
"绘制特征影响 api","draw the feature influence api"
"绘制主调整面板","draw main tweaking panel"
"散射表面","ScatterSurfaces"
"*","*"
"/","/"
"+","+"
"-","-"
"布尔对象","Boolean-Objects"
"向上物体","Upward-Objects"
"十","X"
"是","Y"
"是","Z"
"物体排斥","Object-Repel"
"遮挡碰撞","OcclusionColl"
"实例区域","instance area"
"实例化对象","Instancing Objects"
"错误，该组为空","Error, this group is empty"
"s_gr_pattern1_texture_ptr","s_gr_pattern1_texture_ptr"
"s_gr_pattern1","s_gr_pattern1"
"密度","Density"
"碰撞","Collision"
"只读","Read Only"
"画","Paint"
"种子","Seed"
"随机化","Randomize"
"规模","Scale"
"随机的","Random"
"对齐","Align"
"普通的","Normal"
"局部 Z","Local Z"
"图案","Pattern"
"新的","New"
"s_pattern1_texture_ptr","s_pattern1_texture_ptr"
"BR 模式","BR-Pattern"
"积极的","Active"
"亮度","Brightness"
"对比","Contrast"
"从所有场景的所有视图层中排除集合","exclude a collection from all view layers f all scenes"
"取消集合中所有对象的链接","unlink all obj from a collection"
"从集合名称中获取视图层。","Get viewlayer from collection name."
"通过名称设置活动集合，如果失败则返回 False。","Set collection active by name, return False if failed."
"关闭所有大纲视图层区域的级别","close level on all outliner viewlayer area"
"在给定的父级中创建新的集合并链接（如果不是无）。","Create new collection and link in given parent (if not None)."
"为此场景创建散射收集设置","Create scatter collection set-up for this scene"
"姓名","Name"
"创建新的纹理数据，输入 [IMAGE,CLOUDS,NOISE,WOOD]","create e new texture data, type in [IMAGE,CLOUDS,NOISE,WOOD]"
"获取四个边界框顶点","get the four bounding box top points"
"通过四个点创建四边形","create quad from four points"
"创建单点对象","create single point object"
"细分 o","subdivide o"
"子","sub"
"创建细分平面，（总 bpy.ops）","create subdivided plane, (gross bpy.ops)"
"锁定对象变换","lock object transforms"
"你好世界","Hello World"
"弹出菜单","popup_menu"
"连续多次使用 scroll_up() 运算符将 view2d 滚动到顶部","scroll view2d to top using scroll_up() operator multiple times in a row"
"标记重新绘制所有上下文窗口区域","tag redraw all context window area"
"空事件类，仅供单例使用","empty event class, only use by singleton"
"更新事件单例，这是一个内部操作符","update event singleton, this is an internal operator"
"通过 bpy.types.Operatorinvoke() 获取重建的事件类型","get rebuilt Event type via bpy.types.Operator invoke()"
"调试打印","debug print"
"定时器装饰器","timer decorator"
"返回所有 3d 视图空间的生成器","return generator of all 3d view space"
"返回所有着色类型 str 的生成器","return generator of all shading type str"
"检查是否在某个 3D 视图中渲染视图","check if is rendered view in a 3d view somewhere"
"在我们切换布尔属性时不想注册撤消操作的情况下很有用","useful for some cases where we don't want to register an undo when we toggle a bool property"
"虚拟占位符","dummy place holder"
"快速执行简单的代码行，无需创建新的运算符","quickly execute simple line of code, witouth needing to create a new operator"
"存储表面目标","store surfaces target"
"图像蒙版","ImageMask"
"从给定的 blend_path 导入地理节点","import geonode(s) from given blend_path"
"从给定的 blend_path 导入对象","import obj(s) from given blend_path"
"在新的 .blend 中导出 obj","export obj in a new .blend"
"解决方法是，使用运算符上下文覆盖来获取正确的上下文。areas[x].selected_asset_files 无法工作","workaround, use an operrator context override to get correct cotext. areas[x].selected_asset_files just refuses to work"
"从操作员上下文中收集资产浏览项","gather asset browset items from operator context"
"从浏览器导入选定的对象类型资产，链接/附加取决于技术","import selected object type assets from browser, link/append depends on technique"
"按名称将材料导入搅拌机数据","import materials by name into blender data"
"在 bpy.data.images 中导入图像","import images in bpy.data.images"
"转换未知的 blendertypes","convert unknown blendertypes"
"暂时隐藏/恢复 perfs 的所有 modstack 视口选项，否则 python 会在每一行代码中评估整个 blender 场景","temporarily hide/restore all modstack viewport options for perfs, otherwise python evaluate whole blender scene at each line of code"
"检查修饰符顺序（比较索引）","check modifier order (compare index)"
"获取 mod 的索引","get index of mod"
"按名称对 modstack 进行排序，按类型选项进行过滤","order the modstack by names, filter by type option"
"将值重新映射到给定的最小值和最大值","remap values to given minimal and maximal"
"本地到全局 numpy 坐标","local to global numpy coordinates"
"本地 co 到本地 obj","local co to local obj"
"支持选择/活动和模式，我不认为经典的覆盖支持模式？","support for selection/active & also mode, i don't think that classic override support mode?"
"对 bpy 类型的简单序列化尝试，我们可能需要稍后实现新类型","naive serialization attempt on bpy types, we might need to implement new types later"
" dict > .json，将 json 写入磁盘"," dict > .json, will write json to disk"
".json -> 字典",".json -> dict"
"获取给定路径内的所有目录路径","get all directories paths within given path"
"获取给定路径内的所有文件路径","get all files paths within given path"
"获取给定文件夹内所有现有文件路径","get all existing files paths within the given folder"
"从给定深度获取父文件夹","get parent folder from given depth"
"获取给定深度的文件夹列表","get list of folders at given depths"
"通过概览所有文件夹并检查这些位置是否存在文件来进行搜索，这种方法更快吗？","search by overviewing all folders and checking if file exists at these locations, faster method?"
"检查字符串是否包含非法字符","check if string has illegal char"
"使字符串合法","make string legal"
"查找尚不存在名称的后缀","find suffix with name that do not exists yet"
"返回带有后缀的正确字符串以避免重复","return a correct string with suffix to avoid doubles"
"将字符串换行","word wrap a piece of string"
"自动换行功能","word wrap function"
"返回浮点值，并根据小数进行适当舍入","return float value with rounding appropriate depending on decimal value"
"将平方面积转换为 cm²/m²/ha/km²","stringify squarearea to cm²/m²/ha/km²"
"获取散点计数的字符串版本","get string version of scatter count"
"这个插件的版本控制很笨，它有时使用字符串格式，有时 blender 使用列表格式等等。最终为了","versioning is very dumb in this plugin, it sometimes use string format, sometimes blender use a list format ect.. ultimately in order to "
"获取体重字典","get weight dict"
"从给定值填充 vg（可以是 int、float、list、np array、dict）","fill vg from given values (can be int,float,list,np array,dict)"
"如果不是 None，则使用给定值创建或刷新 vg","create or refresh vg with given value(s) if not None"
"如果不是 None，则使用给定值创建或刷新 vcol","create or refresh vcol with given value if not None"
"如果存在则将 vg 设置为活动状态","Set vg active if exist"
"使用 ops.vertex_group_invert() 反转 vg","reverse vg with ops.vertex_group_invert()"
"扩大给定权重","expand given weight"
"垂直","Vcol"
"如果创建新数据，用户需要在对话框中确认名称","if create new data, user need to confirm name in dialog box"
"根据所选模式返回属性列表，vgs 或 vcols","return list of attributes, vgs or vcols, depending on chosen mode"
"在创建新的或进入绘画之间调度","dispatch between create new or enter painting"
"添加 vg 编辑，== 为 vg 绘制曲线图，仅适用于程序掩码 VG 的运算符","add vg edit, == map curve graph for vg, OPERATOR FOR PROCEDURAL MASK VG ONLY"
".S5Face预览",".S5FacePreview"
"附加信息框的实例","append an instance of the infobox"
"将选择写入每个表面的顶点颜色层","write selection into vertex color layers for each surfaces"
"退出模式时调用","called when quitting the modal"
"pcv_调试","pcv_debug"
"信息框测试操作员","InfoBox Test Operator"