"%s弯曲","%sBend"
"影响对象","Affect Object"
"动画对象变换","Animate object transformations"
"影响骨骼","Affect Bones"
"动画骨骼","Animate bones"
"清晰姿势","Clear Pose"
"加载新姿势前清除姿势","Clear the pose before loading a new one"
"主骨","Master Bone"
"对象动画影响主骨骼而不是对象变换。\n对于简单 IK、MHX 和 Rigify","Object animations affect master bone rather than object transformations.\nFor Simple IK, MHX and Rigify"
"影响比例","Affect Scale"
"在动画中包含骨骼比例。\n始终包含对象比例","Include bone scale in animation.\nObject scale is always included"
"仅选定骨骼","Selected Bones Only"
"仅为选定的骨骼设置动画","Only animate selected bones"
"转换姿势","Convert Poses"
"尝试将姿势转换为当前装备。","Attempt to convert poses to the current rig."
"源字符","Source Character"
"此文件适用于的角色","Character this file was made for"
"影响变形","Affect Morphs"
"动画变形属性","Animate morph properties"
"清晰的变形","Clear Morphs"
"加载新的变形属性之前，清除所有未受保护的变形属性","Clear all unprotected morph properties before loading new ones"
"加载至形状键","Load To Shapekeys"
"将变形加载到网格形键而不是装备属性","Load morphs to mesh shapekeys instead of rig properties"
"乘数","Multiplier"
"用这个因子乘以所有变形","Multiply all morphs with this factor"
"加载缺失的变形","Load Missing Morphs"
"加载缺失的变形","Load missing morphs"
"类别","Category"
"将缺失的变体添加到此类别","Add missing morphs to this category"
"使用扫描数据库","Use Scanned Database"
"使用扫描数据库查找变体","Use the scanned database to find morphs"
"影响地理移植","Affect Geograft"
"将变形添加到此合并的地理移植中","Add morphs to this merged geograft"
"新行动","New Action"
"取消当前操作的链接并创建新操作","Unlink current action and make a new one"
"动作名称","Action Name"
"已加载操作的名称。\n如果为空，则使用文件名","Name of loaded action.\nUse file name if blank"
"帧速率","Frame Rate"
"Daz Studio 中的动画 FPS","Animation FPS in Daz Studio"
"整数帧","Integer Frames"
"将所有关键帧四舍五入为整数","Round all keyframes to intergers"
"从第 1 帧开始","Start At Frame 1"
"总是从第 1 帧开始新动作","Always start new actions at frame 1"
"第一帧","First Frame"
"以此框架开始导入","Start import with this frame"
"最后一帧","Last Frame"
"以此框架完成导入","Finish import with this frame"
"行动","Action"
"导入操作","Import Action"
"从 DAZ 姿势预设文件导入姿势以进行操作","Import poses from DAZ pose preset file(s) to action"
"导入姿势库","Import Pose Library"
"将姿势从 DAZ 姿势预设文件导入到姿势库","Import poses from DAZ pose preset file(s) to pose library"
"新姿势库","New Pose Library"
"取消链接当前姿势库并创建一个新的姿势库","Unlink current pose library and make a new one"
"位姿库名称","PoseLib Name"
"加载的位姿库名称","Name of loaded pose library"
"资源浏览器","Asset Browser"
"创建资产浏览器库","Create asset browser library"
"导入预览","Import Previews"
"导入姿势的预览图像","Import preview images for imported poses"
"标签","Tags"
"要添加到导入的姿势的标签列表","List of tags to add to the imported Poses"
"作者","Author"
"描述","Description"
"执照","License"
"版权","Copyright"
"导入姿势","Import Pose"
"从 DAZ 姿势预设文件导入姿势","Import a pose from DAZ pose preset file(s)"
"导入表达式","Import Expression"
"从 DAZ 姿势预设文件导入表情","Import an expression from DAZ pose preset file(s)"
"从场景导入姿势","Import Pose From Scene"
"从 DAZ 场景文件（不是姿势预设文件）导入姿势","Import a pose from DAZ scene file(s) (not pose preset files)"
"清除所有骨骼和物体变换","Clear all bones and object transformations"
"修剪动作","Prune Action"
"仅删除零键的 F 曲线","Remove F-curves with zero keys only"
"开始帧","Start Frame"
"动画的起始帧","Starting frame for the animation"
"动画的最后一帧","Last frame for the animation"
"将姿势烘焙到 FK 装备","Bake Pose To FK Rig"
"在保存姿势预设之前，将姿势烘焙到 FK 装备。\nIK 手臂和腿部必须单独烘焙","Bake pose to the FK rig before saving pose preset.\nIK arms and legs must be baked separately"
"施加锁定和限制","Impose Locks And Limits"
"对当前姿势施加锁定和限制","Impose locks and limits for current pose"
"无名","Noname"
"%s-1","%s-1"
"%s-%d","%s-%d"
"类型","Type"
"将变形添加到此自定义变形类别中","Add morphs to this category of custom morphs"
"重命名类别","Rename Category"
"重命名选定类别","Rename selected category"
"新名字","New Name"
"删除形状键","Delete Shapekeys"
"删除驱动程序和形状键","Delete both drivers and shapekeys"
"删除属性","Delete Properties"
"删除与此变形相关的对象和骨架属性","Delete object and armature properties associated with this morph"
"删除驱动程序","Delete Drivers"
"删除与此变形相关的驱动程序","Delete drivers associated with this morph"
"删除标准变形","Remove Standard Morphs"
"删除选定的标准变形和相关驱动程序","Remove selected standard morphs and associated drivers"
"删除类别","Remove Categories"
"删除选定的类别和相关驱动程序","Remove selected categories and associated drivers"
"加入类别","Join Categories"
"将选定的类别与所选类别合并","Join selected categories with the chosen category"
"保护/取消保护类别","Protect/Unprotect Categories"
"保护/取消保护选定类别中的所有变形","Protect/unprotect all morphs in selected categories"
"保护","Protect"
"如果启用，则保护选定类别中的所有变形，否则取消保护它们","Protect all morphs in selected categories if enabled, otherwise unprotect them"
"保护/取消保护变形","Protect/Unprotect Morphs"
"保护/取消保护选定的变形","Protect/unprotect selected morphs"
"如果启用则保护变形，否则取消保护","Protect morphs if enabled, otherwise unprotect them"
"更新滑块限制","Update Slider Limits"
"更新选定的滑块最小值和最大值。\n从脚本调用时选择所有滑块限制。","Update selected slider min and max values.\nAll slider limits are selected when called from script"
"分钟","Min"
"最小滑块值","Minimum slider value"
"最大限度","Max"
"最大滑块值","Maximum slider value"
"滑块","Sliders"
"更新滑块值的最小值和最大值","Update min and max for slider values"
"最终的","Final"
"更新最小值和最大值以获取最终值","Update min and max for final values"
"形键","Shapekeys"
"更新形状键的最小值和最大值","Update min and max for shapekeys"
"删除所有驱动程序","Remove All Drivers"
"从选定对象中删除所有驱动程序","Remove all drivers from selected objects"
"烘焙所有 ERC 驱动程序","Bake All ERC Drivers"
"将所有 ERC 驱动程序烘焙到选定的装备和子项。\n仅当 ERC 方法是 Armature 或 Armature All 时才有效","Bake all ERC drivers to selected rigs and children.\nOnly works if ERC method is Armature or Armature All"
"添加驱动值节点","Add Driven Value Nodes"
"添加驱动值节点","Add driven value nodes"
"活性物质：%s","Active material: %s"
"将 Shapekey 添加至类别","Add Shapekey To Category"
"将选定的形状键添加到网格类别","Add selected shapekeys to mesh category"
"新类别","New Category"
"创建新类别","Create a new category"
"添加 Shapekey 驱动程序","Add Shapekey Drivers"
"将装备驱动程序添加到形状键","Add rig drivers to shapekeys"
"从类别中删除 Shapekey","Remove Shapekey From Category"
"从网格类别中删除选定的形状键","Remove selected shapekeys from mesh category"
"移除形状键","Remove Shapekeys"
"从活动网格中删除形键和驱动程序","Remove shapekeys and drivers from active mesh"
"删除 Shapekey 驱动程序","Remove Shapekey Drivers"
"从 Shapekey 中移除装备驱动程序","Remove rig drivers from shapekeys"
"移除滑块","Remove Sliders"
"删除驱动形键的装备属性","Remove rig properties that drive the shapekeys"
"从子网格中移除","Remove From Submeshes"
"还要从同一图形中的其他网格中删除驱动程序（睫毛等）。","Also remove drivers from other meshes in the same figure (eye-lashes etc.)"
"将变形转换为形状键","Convert Morphs To Shapekeys"
"将选定的变形转换为形状键。\n从脚本调用时，所有变形都会被转换","Convert selected morphs to shapekeys.\nAll morphs are converted when called from script"
"标签作为名称","Labels As Names"
"使用形态标签而不是形态名称作为形态键名称","Use the morph labels instead of morph names as shapekey names"
"删除现有形状键","Delete Existing Shapekeys"
"删除已存在的形状键","Delete shapekeys that already exists"
"将动画传输到 Shapekeys","Transfer Animation To Shapekeys"
"％s：％s","%s:%s"
"将网格传输至 Shapekey","Transfer Mesh To Shapekey"
"将选定的网格传输到活动形状键","Transfer selected mesh to active shapekey"
"没有任何","NONE"
"创建着色器组","Make Shader Groups"
"为活动材质创建着色器组","Create shader groups for the active material"
"扩散","Diffuse"
"日志颜色","Log Color"
"色彩效果","Color Effect"
"有色效果","Tinted Effect"
"菲涅尔","Fresnel"
"石里克","Schlick"
"排放","Emission"
"单面","One Sided"
"漫反射叠加","Diffuse Overlay"
"光滑","Glossy"
"面漆","Top Coat"
"折射","Refraction"
"薄壁","Thin Wall"
"假焦散","Fake Caustics"
"透明的","Transparent"
"反转法线贴图","Invert Normal Map"
"半透明","Translucent"
"地下","Subsurface"
"另类SSS","Alt SSS"
"金属薄片","Metallic Flakes"
"射线夹","Ray Clip"
"双叶（超级着色器）","Dual Lobe (Uber Shader)"
"双叶（PBR 皮肤）","Dual Lobe (PBR Skin)"
"金属（超级着色器）","Metal (Uber Shader)"
"金属（PBR 皮肤）","Metal (PBR Skin)"
"体积","Volume"
"普通的","Normal"
"移位","Displacement"
"贴花","Decal"
"优化 IK 姿势","Optimize Pose For IK"
"优化 IK 姿势。\n与姿势加载和身体变形不兼容","Optimize pose for IK.\nIncompatible with pose loading and body morphs"
"应用休息姿势","Apply Rest Pose"
"将当前姿势应用为所有骨架的静止姿势","Apply current pose as rest pose for all armatures"
"开始","Start"
"结尾","End"
"静音/取消静音形状键","Mute/unmute shapekeys too"
"烘焙形键","Bake Shapekeys"
"将形状键值与当前动作匹配。\n随后静音控制装置","Bake shapekey values to current action.\nMute control rig afterwards"
"静音控制装置","Mute Control Rig"
"禁用驱动程序并复制位置/旋转约束","Disable drivers and copy location/rotation constraints"
"烘烤动作","Bake action"
"将视觉变换融入到动作中","Bake visual transform to an action"
"%s：已烤","%s:BAKED"
"取消静音控制装置","Unmute Control Rig"
"启用驱动程序并复制位置/旋转约束","Enable drivers and copy location/rotation constraints"
"明确行动","Clear action"
"清除当前操作","Clear the current action"
"未使用的纹理","Unused Textures"
"谎言 %s","LIE %s"
"分层谎言","LIE Layered"
"静音模式","Silent Mode"
"打开或关闭静音模式（关闭或打开错误弹出窗口）","Toggle silent mode on or off (error popups off or on)"
"扫描绝对路径","Scan Absolute Paths"
"扫描整个 DAZ 数据库。\n对于区分大小写的文件系统","Scan the entire DAZ database.\nFor case-sensitive file systems"
"添加内容目录","Add Content Directory"
"添加内容目录","Add a content directory"
"添加 MDL 目录","Add MDL Directory"
"添加 MDL 目录","Add an MDL directory"
"添加云目录","Add Cloud Directory"
"添加云目录","Add a cloud directory"
"保存设置文件","Save Settings File"
"将当前设置保存到文件","Save current settings to file"
"加载出厂设置","Load Factory Settings"
"将所有全局设置恢复为出厂默认设置","Restore all global settings to factory defaults"
"加载根路径","Load Root Paths"
"从文件加载 DAZ 根路径","Load DAZ root paths from file"
"加载内容目录","Load Content Directories"
"加载 MDL 目录","Load MDL Directories"
"加载云目录","Load Cloud Directories"
"添加内容目录","Add Content Directories"
"在目录中添加 DAZ 根路径","Add DAZ root paths in directory"
"加载设置文件","Load Settings File"
"从文件加载设置","Load settings from file"
"全局设置","Global Settings"
"显示或更新全局设置","Show or update global settings"
"DAZ 内容目录","DAZ Content Directories"
"DAZ Studio 内容的搜索路径","Search paths for DAZ Studio content"
"DAZ MDL 目录","DAZ MDL Directories"
"DAZ Studio MDL 的搜索路径","Search paths for DAZ Studio MDL"
"DAZ 云目录","DAZ Cloud Directories"
"DAZ Studio 云内容的搜索路径","Search paths for DAZ Studio cloud content"
"错误路径","Error Path"
"错误报告文件的路径","Path to error report file"
"扫描数据库路径","Scanned Database Path"
"扫描数据库的路径","Path to scanned database"
"绝对路径文件","Absolute Paths File"
"带有扫描绝对路径的文件路径","Path to file with scanned absolute paths"
"单位比例","Unit Scale"
"用于在 DAZ 和 Blender 单位之间进行转换的比例。\n默认单位为米","Scale used to convert between DAZ and Blender units.\nDefault unit meters"
"冗长","Verbosity"
"记住上一个文件夹","Remember Last Folder"
"记住最后打开的文件的目录，而不是从默认位置开始","Remember the directory of the last opened file,\ninstead of starting at default location"
"调整强度","Adjust Strength"
"添加额外的滑块来调整整体强度","Add extra sliders to adjust the overall strength"
"自定义最小值","Custom Min"
"滑块的自定义最小值","Custom minimum for sliders"
"自定义最大值","Custom Max"
"滑块的自定义最大值","Custom maximum for sliders"
"变形乘数。将滑块的最小值和最大值乘以该因子","Morph multiplier. Multiply the min and \nmax values for sliders with this factor"
"最终限制","Final Limits"
"当考虑所有滑块时，DAZ 属性的最终最小值和最大值","Final min and max values for DAZ properties,\nwhen all sliders are taken into account"
"滑块限制","Slider Limits"
"滑块的最小值和最大值","Min and max values for sliders"
"显示最终变形值","Show Final Morph Values"
"显示 \","Display the \"
"仅显示已使用的变形","Show Used Morphs Only"
"仅显示非零 \ 的变形","Only display morphs with nonzero \"
"在终端中显示","Show In Terminal"
"加载和传输变形时显示完整的变形名称","Display full morph names when loading and transferring morphs"
"加载形状键以进行变形","Load shapekeys for morphs"
"Shapekey 静音驱动器","Shapekey Mute Drivers"
"如果 shapekey 值 = 0，则添加静音 shapekey 的驱动程序。\n影响 JCM、屈曲和自定义变形","Add drivers that mute shapekeys if shapekey value = 0.\nAffects JCMs, flexions and custom morphs"
"ERC 方法","ERC Method"
"支持改变静止姿势的 ERC 变形","Support for ERC morphs that change the rest pose"
"带材类别","Strip Category"
"如果类别名称与变体名称相同，则从其开头删除类别名称","Strip the category name from the beginning of the morph name if they are the same"
"导入到修改后的网格","Import To Modified Meshes"
"将变形导入已通过合并地理移植或睫毛修改的网格。\n警告：如果在编辑模式下修改了网格，则可能会给出不正确的形状键","Import morphs to meshes that have been modified by merging geografts or lashes.\nWarning: can give incorrect shapekeys if meshes have been modified in edit mode"
"默认驱动程序","Default Drivers"
"创建场景文件中定义的默认驱动程序","Create default drivers defined in the scene file"
"优化 JCM 驱动程序","Optimize JCM Drivers"
"加载 JCM 和屈曲时优化驱动程序。实验","Optimize drivers when loading JCMs and flexions. Experimental"
"制作隐藏滑块","Make Hidden Sliders"
"为隐藏的变形创建属性，以便它们可以在 UI 中显示","Create properties for hidden morphs,\nso they can be displayed in the UI"
"烘焙变形","Baked Morphs"
"允许导入烘焙变形，并在变形面板中显示它们","Allow that baked morphs are imported,\nand display them in the Morphs panel"
"显示隐藏对象","Show Hidden Objects"
"大学教师","Don"
"忽略隐藏对象","Ignore Hidden Objects"
"通往 DAZ 库的路径","Paths To DAZ Library"
"内容目录","Content Directories"
"MDL 目录","MDL Directories"
"云目录","Cloud Directories"
"材料法","Material Method"
"南海","SSS"
"次表面散射方法","Method for subsurface scattering"
"视口","Viewport"
"在视口中显示对象的方法","Method to display object in viewport"
"世界","World"
"何时创建世界材质","When to create a world material"
"低分辨率文件夹","Lower Resolution Folders"
"将较低分辨率的纹理存储在单独的文件夹中。\n纹理名称也会被修改","Store lower resolution textures in separate folders.\nTexture names are also modified"
"材料按索引","Materials By Index"
"使用索引而不是名称来识别材料。\n如果多个材料具有相同的名称，则需要。\n这只会发生在由 MikuMikuDance 导出器生成的文件中","Use index rather than name to identify materials.\nNeeded if multiple materials have identical names.\nThis only happens in files generated by the MikuMikuDance exporter"
"按字母顺序排列材料","Sort Materials Alphabetically"
"材料按字母顺序排列。\n如果禁用，则使用 duf 文件中的顺序","Materials are sorted in alphabetical order.\nIf disabled the order in the duf file is used"
"渲染设置","Render Settings"
"灯光设置","Light Settings"
"位置锁","Location Locks"
"使用位置锁","Use location locks"
"位置限制","Location Limits"
"启用位置限制","Enable location limits"
"旋转锁","Rotation Locks"
"使用旋转锁","Use rotation locks"
"旋转限制","Rotation Limits"
"启用旋转限制","Enable rotation limits"
"骨骼继承比例","Bones Inherit Scale"
"骨骼从其父级继承比例（Blender 默认设置）。\n禁用以模仿 DAZ Studio 中的行为","Bones inherit scale from their parents (Blender default).\nDisable to mimic behaviour in DAZ Studio"
"显示旋转限制","Display Rotation Limits"
"将旋转限制显示为 IK 限制","Display rotation limits as IK limits"
"骨骼颜色","Bone Colors"
"给骨头上色。用于在 Blender 4 中进行调试","Colorize bones. For debugging in Blender 4"
"转储调试信息","Dump Debug Info"
"加载文件后，将调试信息转储到文件 \ndaz_importer_errors.text 中","Dump debug info in the file\ndaz_importer_errors.text after loading file"
"Z 向上","Z Up"
"从 DAZ 转换","Convert from DAZ"
"未翻转的骨骼","Unflipped Bones"
"提高三轴重量","Improve Triax Weights"
"改进三轴权重的顶点组（仅限 Genesis/Genesis 2）","Improve vertex groups for triax weights (Genesis/Genesis 2 only)"
"凸起权重","Bulge Weights"
"为三轴凸起权重添加顶点组","Add vertex groups for triax bulge weights"
"保持三轴重量","Keep Triax Weights"
"保持三轴局部权重","Keep triax local weights"
"Triax 应用","Triax Apply"
"应用三轴顶点权重修改器","Apply triax vertex weight modifiers"
"衔铁","Armature"
"为导入的人物创建骨架","Create armatures for imported figures"
"DAZ 方向（实验性）","DAZ Orientation (Experimental)"
"假设加载姿势时骨骼的方向与 DAZ Studio 中相同。\n已知在某些情况下不起作用","Assume that bones are oriented as in DAZ Studio when loading poses.\nKnown not to work in some cases"
"减去休息姿势","Subtract Rest Pose"
"减去静止姿势中的旋转。\n适用于预弯曲的人物","Subtract rotations baked into the rest pose.\nUseful for prebent figures"
"四元数","Quaternions"
"使用四元数表示球窝关节（肩部和臀部）","Use quaternions for ball-and-socket joints (shoulders and hips)"
"区分大小写的路径","Case-Sensitive Paths"
"将 URL 转换为小写。在 Windows 上效果最佳","Convert URLs to lowercase. Works best on Windows"
"使用实例","Use Instancing"
"使用实例化 DAZ 实例","Use instancing for DAZ instances"
"导入所有发型版本","Import All Hair Versions"
"即使已生成相应的 PS 头发，也需要导入头发指南。\n仅适用于 DBZ 网格拟合","Import hair guides even if the corresponding PS hairs have also been generated.\nOnly for DBZ mesh fitting"
"构建高清网格","Build HD Meshes"
"如果包含在 .dbz 文件中，则构建高清网格","Build HD meshes if included in .dbz file"
"保持基础网格","Keep Base Meshes"
"如果构建了高清网格，则保留基本分辨率网格","Keep base resolution meshes if HD mesh is built"
"将骨架添加到高清网格","Add Armature To HD Meshes"
"将骨架修改器和顶点组添加到真正的高清网格中","Add armature modifier and vertex groups to true HD meshes"
"添加多分辨率","Add Multires"
"为高清网格添加多分辨率修改器并重建较低的细分级别","Add multires modifier to HD meshes and rebuild lower subdivision levels"
"多个 UV 层","Multiple UV Layers"
"使用多分辨率修改器对高清网格使用多个 UV 层","Use multiple UV layers for HD meshes with multires modifiers"
"自动平滑","Auto Smooth"
"最大细分级别","Max Subdivision Level"
"最大细分级别。\n值太高可能会导致 Blender 崩溃","The maximum subdivision level.\nToo high a value can cause Blender to crash"
"脸部地图","Face Maps"
"导入时生成脸部地图","Generate face maps on import"
"鳞片眼部水分","Scale Eye Moisture"
"缩放眼睛水分顶点以避免渲染眼睛时出现黑圈","Scale eye moisture vertices to avoid dark rings when rendering eyes"
"模拟","Simulation"
"添加影响（固定）顶点组以进行模拟","Add influence (pinning) vertex groups for simulation"
"壳法","Shell Method"
"几何壳法","Method for geometry shells"
"修剪节点树","Prune Node Tree"
"修剪材质节点树。\n仅对调试禁用","Prune material node-tree.\nDisable for debugging only"
"使用假焦散","Use fake caustics"
"使用置换贴图","Use displacement maps"
"使用排放","Use emission"
"鬼火","Ghost Lights"
"模仿 iray 鬼灯错误，已在 DS 4.20 中修复。\n不要用来模仿 DS 4.20","Mimics the iray ghost light bug, that is fixed in DS 4.20.\nDo not use to mimic DS 4.20"
"反射","Reflection"
"使用反射贴图","Use reflection maps"
"凹凸倍增器","Bump Multiplier"
"乘以碰撞距离的因子","Factor to multiply bump distance"
"皮肤法","Skin Method"
"体积蒙皮材质的转换方法","Conversion method for volumetric skin materials"
"对体积材料使用体积","Use volume for volumetice materials"
"插值","Interpolation"
"图像插值","Image interpolation"
"构建未使用的纹理","Build Unused Textures"
"在未使用的通道中构建纹理","Build texture found in unused channels"
"Shell 驱动程序","Shell Drivers"
"将驱动程序添加到 shell influence","Add drivers to shell influence"
"分层图像影响","Layered Image Influence"
"添加分层图像影响","Add layered image influence"
"Shell 中的分层图像","Layered Images In Shells"
"在 shell 中使用分层图像（实验性）","Use layered images in shells (experimental)"
"预设文件中的作者信息","Author info in preset files"
"电子邮件","Email"
"预设文件中的电子邮件信息","Email info in preset files"
"网站","Website"
"预设文件中的网站信息","Website info in preset files"
"DAZ Studio 根目录","DAZ Studio Root Directories"
"输出错误的路径：","Path To Output Errors:"
"扫描数据库的路径：","Path To Scanned Database:"
"扫描区分大小写的路径：","Path To Scanned Case-sensitive Paths:"
"一般的","General"
"网格","Meshes"
"索具","Rigging"
"对象","Objects"
"调试","Debugging"
"變形","Morphs"
"预设","Presets"
"材料","Materials"
"首选根目录","Preferred Root Directory"
"某些导入工具使用的首选根目录","Preferred root directory used by some import tools"
"ID","ID"
"网址","URL"
"场景","Scene"
"钻机类型","Rig Type"
"网格类型","Mesh Type"
"没有任何","None"
"导入 DBZ 变形","Import DBZ Morphs"
"导入 DBZ 或 JSON 文件 (*.dbz、*.json) 作为变形","Import DBZ or JSON file(s) (*.dbz, *.json) as morphs"
"dForce 影响力","dForce Influence"
"dForce Pin","dForce Pin"
"碰撞距离","Collision Distance"
"最小碰撞距离（mm）","Minimun collision distance (mm)"
"制造碰撞","Make Collision"
"为选定的网格添加碰撞修改器","Add collision modifiers to selected meshes"
"预设","Preset"
"模拟预设","Simulation preset"
"品组","Pin Group"
"使用该组作为引脚组","Use this group as pin group"
"模拟质量","Simulation Quality"
"碰撞质量","Collision Quality"
"GSM 因素","GSM Factor"
"GSM 因子（顶点质量倍增器）","GSM Factor (vertex mass multiplier)"
"制作布料","Make Cloth"
"为选定的网格添加布料修改器","Add cloth modifiers to selected meshes"
"进行模拟","Make Simulation"
"根据 Daz 数据创建模拟","Create simulation from Daz data"
"胸部","Chest"
"添加胸部的软体模拟","Add softbody simulation for chest"
"腹部","Belly"
"添加腹部的软体模拟","Add softbody simulation for belly"
"臀大肌","Glutes"
"添加臀部的软体模拟","Add softbody simulation for glutes"
"手臂碰撞","Arm Collision"
"为手臂添加碰撞","Add collision to arms"
"腿部碰撞","Leg Collision"
"为腿部添加碰撞","Add collision to legs"
"添加软体","Add Softbody"
"为选定的网格添加软体模拟","Add softbody simulation to selected meshes"
"光滑的","Smooth"
"为网格添加校正平滑修改器","Add a corrective smooth modifier to the meshes"
"组合软体","Combined Softbody"
"仅使用组合软体","Only use a combined softbody"
"移除现有对象","Remove Existing Objects"
"移除现有的碰撞和软体对象","Remove existing collision and softbody objects"
"软体对象","Softbody Objects"
"碰撞物体","Collision Objects"
"软体","SOFTBODY"
"A","a"
"复制驱动程序","Copy Drivers"
"将驱动器从活动电枢复制到选定电枢","Copy drivers from active armature to selected armatures"
"重新定位形状键","Retarget Shapekeys"
"重新定位子网格的形键","Retarget shapekeys of child meshes"
"复制形态集","Copy Morphsets"
"复制用户界面","Copy user interface"
"覆盖现有驱动程序","Override Existing Drivers"
"优化驱动程序","Optimize Drivers"
"优化司机网页。\n之后无法加载新的变形","Optimize the web of drivers.\nNew morphs can not be loaded afterwards"
"移除乘数","Remove Multipliers"
"从驱动程序中移除乘数。\n可以更改驱动程序的工作方式","Remove multipliers from drivers.\nCan change how drivers work"
"删除隐藏的滑块","Remove Hidden Sliders"
"从驱动程序中删除隐藏变量的滑块。\n可以改变驱动程序的工作方式","Remove sliders for hidden variables from drivers.\nCan change how drivers work"
"删除 ERC 变形","Remove ERC Morphs"
"从驱动器中移除 ERC 变形。\n电枢不再能变形","Remove ERC morphs from drivers.\nArmatures can no longer be morphed"
"达兹%s","Daz%s"
"全部更新","Update All"
"更新所有内容。如果驱动骨骼混乱，请尝试此方法","Update everything. Try this if driven bones are messed up"
"禁用驱动程序","Disable Drivers"
"禁用所有驱动程序以提高性能","Disable all drivers to improve performance"
"启用驱动程序","Enable Drivers"
"启用所有驱动程序","Enable all drivers"
"删除损坏的驱动程序","Remove Corrupt Drivers"
"删除损坏的驱动程序和导致依赖循环的驱动程序","Remove corrupt drivers and drivers leading to dependencey loops"
"Daz 进口商","Daz Importer"
"打印骨基质","Print Bone Matrix"
"旋转骨骼","Rotate Bones"
"将选定的骨骼旋转相同的角度","Rotate selected bones the same angle"
"X","X"
"是","Y"
"是","Z"
"忽略锁定位置","Ignore Locked Location"
"错误失败","Fail On Error"
"复制 %s","Copy %s"
"添加额外的面部骨骼","Add Extra Face Bones"
"添加一层额外的面部骨骼，既可驱动，又可摆姿势","Add an extra layer of face bones, which can be both driven and posed"
"使所有骨骼可动","Make All Bones Posable"
"添加额外的驱动骨骼层，使其可动","Add an extra layer of driven bones, to make them posable"
"移除驱动骨骼","Remove Driven Bones"
"移除驱动 (drv) 骨骼并驱动可摆动骨骼。\n这将撤消使所有骨骼可摆动","Remove driven (drv) bones and drive the posable bones.\nThis undoes Make All Bones Posable"
"修复旧版可动骨骼","Fix Legacy Posable Bones"
"将传统的可动骨骼转换为现代骨骼","Convert legacy posable bones to modern ones"
"完成骨架","Finalize Armature"
"删除未使用的骨骼约束","Remove unused bone constraints"
"启用锁定和限制","Enable Locks And Limits"
"启用锁定和限制","Enable locks and limits"
"禁用锁定和限制","Disable Locks And Limits"
"禁用锁定和限制","Disable locks and limits"
"变形骨架","Morph Armature"
"更新 ERC 变形的骨架","Update the armature for ERC morphs"
"检查世界矩阵","Inspect World Matrix"
"列出活动对象的世界矩阵","List world matrix of active object"
"启用所有图层","Enable All Layers"
"启用所有骨骼层","Enable all bone layers"
"继承比例","Inherit Scale"
"骨骼继承比例","Bones inherit scale"
"自动变形骨架","Auto Morph Armatures"
"框架变化时自动变形骨架","Automatically morph armatures on frame change"
"文件路径","File Path"
"用于导出 .json 文件的文件路径","Filepath used for exporting the .json file"
"用于导入文件的文件路径","Filepath used for importing the file"
"获取指纹","Get Fingerprint"
"获取活动角色的指纹","Get fingerprint of active character"
"改善 IK","Improve IK"
"通过预弯曲 IK 骨骼来改善 IK","Improve IK by prebending IK bones"
"手指运动","Finger IK"
"为手指生成 IK 控制","Generate IK controls for fingers"
"舌头运动","Tongue IK"
"生成舌头的 IK 控制","Generate IK controls for tongue"
"重复使用弯曲和扭曲骨骼","Reuse Bend And Twist Bones"
"使用原始的弯曲扭曲骨骼和顶点组","Use the original bend-twist bones and vertex groups"
"保留 DAZ Rig","Keep DAZ Rig"
"保留原始 DAZ 装置以进行变形","Keep the original DAZ rig for deformation"
"修改 DAZ Rig","Modify DAZ Rig"
"改变变形装置的静止姿势以匹配控制装置","Change the rest pose of the deform rig to match the control rig"
"％s.％s","%s.%s"
"复制变换 %s","Copy Transform %s"
"将前缀更改为后缀","Change Prefix To Suffix"
"将 l/r 前缀更改为 .L/.R 后缀，\n以使用 Blender 对称工具","Change l/r prefix to .L/.R suffix,\nto use Blender symmetry tools"
"将后缀更改为前缀","Change Suffix To Prefix"
"将 .L/.R 后缀更改为 l/r 前缀，\n为 MHX 或 Rigify 准备装备","Change .L/.R suffix to l/r prefix,\nto prepare rig for MHX or Rigify"
"%s.fk.%s","%s.fk.%s"
"％s_fk。％s","%s_fk.%s"
"%s.弯曲.%s","%s.bend.%s"
"%s.扭曲.%s","%s.twist.%s"
"改变电枢","Change Armature"
"将活动骨架设为选定网格的骨架","Make the active armature the armature of selected meshes"
"重新定位驱动程序","Retarget Drivers"
"将shapekey驱动程序重新定位到新的骨架。\n警告：如果新的骨架缺少驱动程序，将导致错误","Retarget shapekey drivers to the new armature.\nWarning: Will cause errors if the new armature lack drivers"
"修复限制旋转约束","Fix Limit Rotation Constraints"
"将眼睛转移到凝视","Transfer Eye To Gaze"
"将眼骨动画转移到注视骨骼","Transfer eye bone animation to gaze bones"
"将目光转移到眼睛","Transfer Gaze To Eye"
"将凝视骨骼动画转移到眼骨","Transfer gaze bone animation to eye bones"
"%s%s","%s%s"
"%s_高清","%s_HD"
"UV 层","UV Layer"
"制作多分辨率","Make Multires"
"将高清网格转换为具有多分辨率修改器的网格，\n并添加顶点组和额外的 UV 层","Convert HD mesh into mesh with multires modifier,\nand add vertex groups and extra UV layers"
"折痕边","crease_edge"
"修剪 UV 贴图","Prune UV Maps"
"删除未使用的 UV 贴图","Remove unused UV maps"
"折叠 UDIM","Collapse UDIMs"
"将 UV 坐标限制在 [0:1] 范围内","Restrict UV coordinates to the [0:1] range"
"恢复 UDIM","Restore UDIMs"
"恢复 [0:1] 范围之外的原始 UV 坐标","Restore original UV coordinates outside the [0:1] range"
"加载 UV 集","Load UV Set"
"将 UV 集加载到活动网格","Load a UV set to the active mesh"
"限制顶点组","Limit Vertex Groups"
"限制每个顶点的顶点组数量","Limit the number of vertex groups per vertex"
"限制","Limit"
"每个顶点的最大顶点组数","Max number of vertex group per vertex"
"完成网格","Finalize Meshes"
"从网格中删除内部属性。\n禁用某些工具但可能会提高性能","Remove internal properties from meshes.\nDisables some tools but may improve performance"
"存储数据","Store Data"
"将数据存储在文件中","Store data in a file"
"覆盖","Overwrite"
"覆盖存储的数据","Overwrite stored data"
"最大子表面层级","Maximal Subsurf Level"
"最大子表面级别","Maximal subsurf level"
"原始指纹","Original Fingerprint"
"混合文件","Blend File"
"定义对象的 Blend 文件","Blend file where the object is defined"
"删除 %s","Delete %s"
"颜色","Color"
"基本颜色","Base Color"
"改变颜色","Change Colors"
"更改此对象的所有材质的视口颜色","Change viewport colors of all materials of this object"
"改变肤色","Change Skin Colors"
"材料种类","Material Type"
"发色","Hair Color"
"检查条","Check Strips"
"检查头发网格是否由 UV 空间中的条带组成","Check that the hair mesh consists of strips in UV space"
"股线类型","Strand Type"
"网状发束类型","Mesh hair strand type"
"链取向","Strand Orientation"
"如何在 UV 空间中定向线束","How the strands are oriented in UV space"
"保持网格头发","Keep Mesh Hair"
"制作粒子头发后保留（重建）网格头发","Keep (reconstruct) mesh hair after making particle hair"
"输出","Output"
"单路输出","Single Output"
"头发输出是单个对象","Hair output is a single object"
"去除颗粒毛发","Remove Particle Hair"
"从该网格中移除现有的粒子系统","Remove existing particle systems from this mesh"
"分离松散部件","Separate Loose Parts"
"稀疏性","Sparsity"
"仅使用每 n 根头发","Only use every n:th hair"
"头发长度","Hair Length"
"调整后的头发长度。如果启用了“自动调整大小”，则为最大长度。","Length of resized hair. Maximum length if Auto Resize is enabled."
"调整头发大小","Resize Hair"
"自动调整大小","Auto Resize"
"将每种材料的大小调整为最长线的长度","Resize each material to the length of the longest strand"
"以块为单位调整大小","Resize In Blocks"
"然后将头发分成十块进行调整","Resize hair in blocks of ten afterwards"
"渲染子项","Render Children"
"渲染中显示的头发子数量","Number of hair children displayed in renders"
"股线形状","Strand Shape"
"股线形状","Strand shape"
"视口子项","Viewport Children"
"视口中显示的头发子项数量","Number of hair children displayed in viewport"
"视口步骤","Viewport Steps"
"绘制路径需要多少步（2 的幂）","How many steps paths are drawn with (power of 2)"
"渲染步骤","Render Steps"
"路径渲染的步数（2 的幂）","How many steps paths are rendered with (power of 2)"
"根部半径 (mm)","Root radius (mm)"
"根部股线直径","Strand diameter at the root"
"尖端半径（毫米）","Tip radius (mm)"
"尖端处的股线直径","Strand diameter at the tip"
"毛发半径(mm)","Hair radius (mm)"
"股线直径","Strand diameter"
"头发形状","Hair Shape"
"头发形状参数","Hair shape parameter"
"头发长度（米）","Hair Length (meters)"
"发射时的头发长度","Hair length during emission"
"视口因子","Viewport Factor"
"视口中显示的子项比例","The fraction of children displayed in the viewport"
"儿童半径（mm）","Child radius (mm)"
"子节点围绕父节点的半径","Radius of children around parent"
"多种材质","Multi Materials"
"为每种材质创建单独的粒子系统","Create separate particle systems for each material"
"保留材质","Keep Material"
"使用现有材料","Use existing material"
"使用活动纹理","Use Active Texture"
"使用头皮网格的活动纹理作为头发颜色","Use the active texture of the scalp mesh as hair color"
"材料","Material"
"用作头发材料的材料","Material to use as hair material"
"头发材料方法","Hair Material Method"
"头发材质节点树的类型","Type of hair material node tree"
"距离","Distance"
"制作头发","Make Hair"
"用网状头发制作粒子头发","Make particle hair from mesh hair"
"创造","Create"
"设置","Settings"
"网格毛发","Mesh Hairs"
"头发 %s","Hair %s"
"%d_%s","%d_%s"
"%s %","H%s"
"颅骨","Skull"
"更新头发","Update Hair"
"将设置从活动粒子系统复制到所有其他粒子系统","Copy settings from active particle system to all other particle systems"
"影响材质","Affect Material"
"也改变材料","Also change materials"
"结合头发","Combine Hairs"
"将多个毛发粒子系统组合成一个","Combine several hair particle systems into a single one"
"（%3d）%s","(%3d)   %s"
"染发","Color Hair"
"改变粒子头发颜色","Change particle hair color"
"连接头发","Connect Hair"
"（重新）连接头发","(Re)connect hair"
"添加固定组","Add Pinning Group"
"将 HairPin 组添加到网格头发","Add HairPin group to mesh hair"
"发夹","HairPinning"
"修改顶点组","Modify Vertex Group"
"修改活动顶点组","Modify the active vertex group"
"方向","Direction"
"顶点组：%s","Vertex group: %s"
"添加头发装备","Add Hair Rig"
"为网格头发添加骨架","Add an armature to mesh hair"
"行业","Sectors"
"扇区数","Number of sectors"
"扇区偏移","Sector Offset"
"到第一扇区起点的角度","Angle to beginning of first sector"
"一根头发里的骨头数量","Number of bones in a hair"
"控制方法","Control Method"
"控制头发姿势的方法","Method for controlling hair posing"
"隐藏骨骼","Hide Bones"
"如果使用 IK，则隐藏变形骨骼","Hide the deform bones if using IK"
"圆度","Roundness"
"从头部开始放射状扩张关节，使骨骼更圆","Expand the joints radially from the head to make the bones rounder"
"分离式发夹","Separate Hair Rig"
"制作一个与头部骨骼关联的单独装备，\n而不是将骨骼添加到主装备中","Make a separate rig parented to the head bone,\ninstead of adding bones to the main rig"
"头","Head"
"头骨名称","Name of the head bone"
"加权方法","Weighting Method"
"网格加权方法","Method for weighting mesh"
"头发起始位置","Hair Start Location"
"UV 空间中头发开始的位置","Location in UV space where hair starts"
"头端位置","Head End Location"
"头部末端在 UV 空间中的位置","Location in UV space where head ends"
"風險_%s","Wind_%s"
"电枢头发","Armature Hair"
"%s 装备","%s Rig"
"头发_%d_%d","Hair_%d_%d"
"反向连接 %s","IK %s"
"修剪节点树","Prune the node tree"
"紧凑布局","Compact Layout"
"袖珍的","Compact"
"使用驱动程序","Use Drivers"
"具有电枢属性的驱动图","Drive maps with armature properties"
"智能瓷砖","Smart Tiles"
"从材质上识别瓷砖","Identify tiles from materials"
"瓦","Tile"
"在此图块中加载纹理。\n所选材料应与图块匹配","Load textures in this tile.\nSelected materials should match the tile"
"将贴图添加到材质：","Add Maps To Materials:"
"规模","Scale"
"位移节点的比例值","Scale value for displacement node"
"中级","Midlevel"
"位移节点的中间值","Midlevel value for displacement node"
"加载标量位移图","Load Scalar Disp Maps"
"将标量位移图加载到选定材质","Load scalar displacement map to selected materials"
"加载矢量显示图","Load Vector Disp Maps"
"将矢量置换图加载到选定材质","Load vector displacement map to selected materials"
"加载法线贴图","Load Normal Maps"
"将法线贴图加载到选定材质","Load normal maps to selected materials"
"烘烤类型","Bake Type"
"图片大小","Image Size"
"子文件夹","Subfolder"
"法线/置换贴图的子文件夹","Subfolder for normal/displace maps"
"基名称","Base Name"
"用于构造文件名的名称","Name used to construct file names"
"烘焙贴图","Bake Maps"
"为选定的高清网格烘焙法线/位移贴图","Bake normal/displacement maps for the selected HD meshes"
"单块","Single Tile"
"仅为单个图块烘焙地图","Only bake map for a single tile"
"单块瓷砖烘烤","Single tile to bake"
"加载烘焙地图","Load Baked Maps"
"为选定的网格加载烘焙的法线/位移贴图","Load baked normal/displacement maps for the selected meshes"
"置换比例","Displacement Scale"
"位移比例","Displacement scale"
"单组","Single Group"
"将所有选定的网格视为一个组","Treat all selected meshes as a single group"
"团队名字","Group Name"
"單身組名","Name of the single group"
"添加可视性驱动程序","Add Visibility Drivers"
"使用装备属性控制可见性。用于文件链接。","Control visibility with rig property. For file linking."
"添加收藏夹","Add Collections"
"将选定的网格移动到新集合","Move selected meshes to new collections"
"删除可见性驱动程序","Remove Visibility Drivers"
"删除从钻机属性控制可见性的能力","Remove ability to control visibility from rig property"
"场景中的所有网格","All Meshes In Scene"
"移除场景中所有网格的可见性驱动程序，\n而不仅仅是活动装备的子项","Remove visibility drivers from all meshes in scene,\nnot just children of the active rig"
"显示所有","Show All"
"显示该装备的所有网格/组成","Show all meshes/makeup of this rig"
"全部藏起来","Hide All"
"隐藏此装备的所有网格/构成","Hide all meshes/makeup of this rig"
"切换可见性","Toggle Vis"
"切换此网格的可见性","Toggle visibility of this mesh"
"创建蒙版","Create Masks"
"在活动网格中为选定网格创建顶点组和遮罩修改器","Create vertex groups and mask modifiers in active mesh for selected meshes"
"复制蒙版","Copy Masks"
"将选定的遮罩修改器和顶点组从活动状态复制到选定状态","Copy selected mask modifiers and vertex groups from active to selected"
"添加收缩包裹","Add Shrinkwrap"
"添加覆盖活动网格的收缩包裹修改器。\n可选择添加固化修改器","Add shrinkwrap modifiers covering the active mesh.\nOptionally add solidify modifiers"
"偏移（毫米）","Offset (mm)"
"从角色网格偏移表面","Offset the surface from the character mesh"
"固化","Solidify"
"添加固化修改器","Add a solidify modifier too"
"厚度（毫米）","Thickness (mm)"
"表面厚度","Thickness of the surface"
"添加顶点组","Add Vertex Groups"
"添加影响顶点组","Add influence vertex groups"
"应用修改器","Apply Modifiers"
"之后应用修改器","Apply modifiers afterwards"
"使不可见","Make Invisible"
"通过为选定面指定不可见材质来隐藏选定面","Hide selected faces by assigning an invisible material to them"
"隐身术","Invisio"
"添加 Shapekey 可见性驱动程序","Add Shapekey Visibility Drivers"
"根据所选衣服的可见性，向所选形状键添加驱动程序","Add drivers to selected shapekeys,\ndepending on the visibility of selected clothes"
"倒置驱动器","Inverted Drivers"
"当衣服可见时启用shapekey","Enable shapekey when clothes are visible"
"米","M"
"帕斯卡尔","parscale"
"皮肤","SKIN"
"衣服","Clothes"
"视口颜色","Viewport Color"
"网格拟合","Mesh Fitting"
"网格拟合方法","Mesh fitting method"
"变形强度","Morph Strength"
"变形强度","Morph strength"
"加载 DAZ 文件","Load a DAZ File"
"手动导入 DAZ","Import DAZ Manually"
"加载原生 DAZ 文件。\n其他操作必须手动完成。\n此工具主要用于调试","Load a native DAZ file.\nFurther operations must be done manually.\nThis tool is mainly for debugging"
"更多选项请参见全局设置。","For more options, see Global Settings."
"导入 DAZ 材质","Import DAZ Materials"
"将材料从原生 DAZ 文件加载到活动网格","Load materials from a native DAZ file to the active mesh"
"更换插槽","Replace Slots"
"用第一种材料替换现有的材料槽","Replace existing material slots with first materials"
"添加插槽","Add Slots"
"在现有材料槽后添加额外材料","Add extra materials after existing material slots"
"匹配名称","Match Names"
"匹配材质名称","Match material names"
"加载 DAZ 文件并执行最常见的操作","Load a DAZ File and perform the most common opertations"
"轻松导入 DAZ","Easy Import DAZ"
"加载原生 DAZ 文件并执行最常见的操作","Load a native DAZ file and perform the most common operations"
"消除空瓶","Eliminate Empties"
"删除非隐藏的空元素，并将其子元素作为其父元素","Delete non-hidden empties, parenting its children to its parent instead"
"合并钻机","Merge Rigs"
"将所有装备合并到主角装备中","Merge all rigs to the main character rig"
"应用变换","Apply Transforms"
"将所有变换应用于非骨骼对象","Apply all transforms to objects that are not bone parented"
"合并材质","Merge Materials"
"合并相同材质","Merge identical materials"
"合并脚趾","Merge Toes"
"将分开的脚趾合并为单个脚趾骨骼","Merge separate toes into a single toe bone"
"烘焙矫正剂","Baked Correctives"
"导入烘焙变形的所有自定义校正","Import all custom correctives for baked morphs"
"DAZ 收藏夹","DAZ Favorites"
"导入 DAZ 最喜欢的变形","Import DAZ favorite morphs"
"转移到衣服上","Transfer To Clothes"
"将形键从角色转移到衣服上","Transfer shapekeys from character to clothes"
"转移到 Geografts","Transfer To Geografts"
"将形状键从角色转移到地理移植。\n如果地理移植合并，则始终启用","Transfer shapekeys from character to geografts.\nAlways enabled if geografts are merged"
"转移到面部网格","Transfer To Face Meshes"
"转移到头发上","Transfer To Hair"
"将形状键从角色转移到头发网格","Transfer shapekeys from character to hair meshes"
"合并地理移植","Merge Geografts"
"将选定的地理移植合并到活动对象。\n不使用几何节点。\n不适用于嵌套的地理移植。\n形状键始终先传输","Merge selected geografts to active object.\nGeometry nodes are not used.\nDoes not work with nested geografts.\nShapekeys are always transferred first"
"使用最喜欢的变形","Use Favorite Morphs"
"加载最喜欢的变形，而不是加载标准变形","Load a favorite morphs instead of loading standard morphs"
"最喜欢的变体","Favorite Morphs"
"通往最喜爱形态的路径","Path to favorite morphs"
"使用调节器","Use Adjusters"
"最终优化","Final Optimizations"
"对装备和网格进行最终优化","Make final optimizations to the rig and mesh"
"解码文件","Decode File"
"将压缩的 DAZ 文件 (*.duf、*.dsf、*.dbz) 解码为文本文件","Decode a gzipped DAZ file (*.duf, *.dsf, *.dbz) to a text file"
"引用","Quote"
"引述结束","Unquote"
"引述/引述结束","Quote/Unquote"
"引用或取消引用指定的文本","Quote or unquote specified text"
"键入要引用或取消引用的文本","Type text to quote or unquote"
"DAZ（.duf、.dsf）","DAZ (.duf, .dsf)"
"活性材料：%s","Active Material: %s"
"全部","All"
"选择所有材料","Select all materials"
"皮肤","Skin"
"选择表皮材质","Select skin materials"
"皮肤-嘴唇-指甲","Skin-Lips-Nails"
"选择全部皮肤或红色材料","Select all skin or red materials"
"未选择任何材料","Select no material"
"向量","Vector"
"启动材质编辑器","Launch Material Editor"
"编辑选定网格的材质","Edit materials of selected meshes"
"所有材料","All Materials"
"影响所有选定网格的所有材质","Affect all materials of all selected meshes"
"仅限修改过的频道","Only Modified Channels"
"仅更新已由材质编辑器修改的通道","Only update channels that have been modified by the material editor"
"更新资料","Update Materials"
"制作组合材质","Make Combo Material"
"为选定的材料创建组合节点组","Create a combo node group for selected materials"
"%s:%s 组合","%s:%s Combo"
"制作贴花","Make Decal"
"为活动材质添加贴花","Add a decal to the active material"
"渠道","Channel"
"将贴花添加到此频道","Add decal to this channel"
"重复使用空","Reuse Empty"
"重复使用现有的空文件，而不是创建新的","Reuse an existing empty instead of creating a new one"
"空的","Empty"
"空的可重复使用","Empty to reuse"
"使用遮罩","Use Mask"
"使用单独的纹理来掩盖贴花","Use a separate texture to mask the decal"
"贴花面膜","Decal Mask"
"贴花蒙版纹理的路径","Path to decal mask texture"
"混合类型","Blend Type"
"贴花与皮肤混合的类型","Type of blending decal with skin"
"%s_%s","%s_%s"
"重置材料","Reset Materials"
"将材料重置为原始状态","Reset materials to original"
"设置壳影响","Set Shell Influence"
"切换 Shell 影响","Toggle Shell Influence"
"驱动壳影响力","Drive Shell Influence"
"为外壳和分层图像影响创建驱动程序","Create drivers for shell and layered image influence"
"制作调色板","Make Palette"
"创建用于资产浏览器的调色板","Create a palette for use with the asset browser"
"标记为资产","Mark As Asset"
"标记资产浏览器的调色板，并使所有材料独一无二","Mark the palette for the asset browser and make all materials unique"
"调色板形状","Palette Shape"
"调色板形状","Palette shape"
"%s 调色板","%s Palette"
"更换材料","Replace Materials"
"使用指定材料替换选定材料。\n用于复制土工移植基底材料","Replace selected materials with specified material.\nFor copying geograft base materials"
"使用此材质的节点树","Use node tree from this material"
"查找缺失的纹理","Find Missing Textures"
"在 DAZ 数据库中搜索选定网格的缺失纹理","Search for missing textures of selected meshes in the DAZ database"
"激活漫反射","Activate Diffuse"
"激活漫反射纹理节点，\n以使纹理视图正常工作","Activate diffuse texture node,\nto make textured view work correctly"
"筛选","Filter"
"仅显示包含此字符串的项目","Show only items containing this string"
"%s_%s%s","%s_%s%s"
"保存本地纹理","Save Local Textures"
"将纹理复制到混合文件中的纹理子文件夹","Copy textures to the textures subfolder in the blend file"
"保留目录","Keep Directories"
"保留 Daz Studio 的目录树，否则展平目录结构","Keep the directory tree from Daz Studio, otherwise flatten the directory structure"
"忽略撞击强度","Ignore Bump Strength"
"即使凸起强度不同，也可以合并材料","Merge materials even if the bump strengths differ"
"结合场景材质","Combine Scene Materials"
"将场景中相同的材质跨对象组合在一起","Combine identical materials in scene across objects"
"合并选定网格的相同材质","Merge identical materials of selected meshes"
"复印材料","Copy Materials"
"将材料从活动网格复制到选定网格","Copy materials from active mesh to selected meshes"
"替换面部分配","Replace Face Assignment"
"替换所有材质并重新分配面号。\n网格必须具有相同的拓扑结构","Replace all materials and reassign face numbers.\nThe meshes must have identical topology"
"根据名称而不是材料槽来匹配材料","Match materials based on names rather than material slots"
"不匹配时出错","Error On Mismatch"
"如果源材料和目标材料的数量不同，则会引发错误","Raise an error if the number of source and target materials are different"
"添加新材料","Add New Materials"
"在现有材料后添加材料","Add materials after existing materials"
"脚步","Steps"
"按照此步数调整原始图像的大小","Resize original images with this number of steps"
"调整全部大小","Resize All"
"调整选定网格的所有纹理的大小","Resize all textures of the selected meshes"
"更改分辨率","Change Resolution"
"调整纹理大小","Resize Textures"
"用调整大小的版本替换选定网格的所有纹理","Replace all textures of selected meshes with resized versions"
"修剪节点树","Prune Node Trees"
"修剪选定网格的所有材质节点树","Prune all material node trees for selected meshes"
"删除未使用的节点","Delete Unused Nodes"
"删除未连接到材质输出的节点","Delete nodes not connected to material output"
"隐藏纹理节点","Hide Texture Nodes"
"隐藏所有纹理节点","Hide all texture nodes"
"修剪纹理坐标","Prune Texture Coordinates"
"删除未连接到映射节点的纹理坐标节点","Delete texture coordinates nodes not connected to mapping nodes"
"隐藏未使用的输出","Hide Unused Outputs"
"隐藏未使用的输出插座","Hide unused output sockets"
"保留未使用的纹理","Keep Unused Textures"
"保留未使用通道的纹理","Keep textures from unused channels"
"固定色彩空间","Fix Color Space"
"美化","Beautify"
"美化节点树","Beautify node tree"
"更新渲染设置","Update Render Settings"
"如果渲染和灯光设置不合适，请更新它们","Update render and light settings if they are inadequate"
"带材名称","Strip Material Names"
"删除材料名称的结尾","Strip endings from material names"
"结合材料","Combine Materials"
"合并具有相同剥离名称的材料","Combine materials with the same stripped name"
"按名称对材料进行排序","Sort Materials By Name"
"像在 DAZ Studio 中一样按名称重新排序材料","Reorder materials by name as in DAZ Studio"
"合并 UV 层","Merge UV Layers"
"合并所有网格的活动渲染 UV 层","Merge active render UV layers of all meshes"
"允许重叠","Allow Overlap"
"还合并重叠的 UV 层。\n可以破坏 UV 分配","Also merge overlapping UV layers.\nCan destroy UV assignment"
"添加顶点表","Add Vertex Table"
"保留原始网格","Keep Original Meshes"
"将原始网片和土工移植物分开存放","Keep the original mesh and geografts in separate collections"
"修复 UV 平铺","Fix UV Tiles"
"根据纹理名称将 geograft UV 移动到瓷砖","Move geograft UVs to tile based on texture names"
"SubD 位移","SubD Displacement"
"如果某些地理移植有 SubD 位移，请将其添加到合并网格中。\n可能会减慢渲染速度","Add SubD Displacement to the merge mesh if some geograft has it.\nMay slow down rendering"
"几何节点（实验）","Geometry Nodes (Experimental)"
"使用几何节点合并地理移植","Merge geografts using geometry nodes"
"将选定的地理移植合并到活动对象","Merge selected geografts to active object"
"UDIM 材料","UDIM Materials"
"%s 已合并","%s Merged"
"成对的主体_vert_％s","paired_body_vert_%s"
"接枝","Graft"
"%s 掩码","%s Mask"
"%s 边缘","%s Edge"
"地理移植:%s:END","Geograft:%s:END"
"输入_％d_属性名称","Input_%d_attribute_name"
"Socket_%d_属性名称","Socket_%d_attribute_name"
"大移植团体","Greate Graft Groups"
"根据移植信息创建顶点组","Create vertex groups from graft information"
"%s：移植","%s:Graft"
"%s:掩码","%s:Mask"
"％s（％d）","%s (%d)"
"要合并的图层","Layer To Merge"
"与活动渲染层合并的 UV 层","UV layer that is merged with the active render layer"
"允许合并重叠的 UV 层","Allow merging overlapping UV layers"
"活动层：%s","Active Layer: %s"
"合并网格","Merge Meshes"
"删除空元素，将其子元素设置为其父元素","Delete empties, parenting its children to its parent instead"
"消除所有空瓶","Eliminate All Empties"
"消除场景中的所有空物体，\n不仅仅是与选定物体相关的物体","Eliminate all empties in the scene,\nnot only those associated with selected objects"
"创建收藏夹","Create Collections"
"用集合替换空瓶","Replace empties with collections"
"删除隐藏的空瓶","Delete Hidden Empties"
"同时删除隐藏的空瓶","Also delete empties that are hidden"
"创建重复骨骼","Create Duplicate Bones"
"如果发现多个同名的骨骼，则创建单独的骨骼","Create separate bones if several bones with the same name are found"
"不合格钻机","Non-conforming Rigs"
"还合并不合格的装备。\n（骨骼为父级且与主装备没有共同的骨骼）","Also merge non-conforming rigs.\n(Bone parented and with no bones in common with main rig)"
"转换为小部件","Convert To Widgets"
"将面部控制转换为骨骼自定义形状","Convert face controls to bone custom shapes"
"将选定装备合并到活动装备","Merge selected rigs to active rig"
"单独的字符","Separate Characters"
"独生子女装备","Only Child Rigs"
"仅合并活动骨架的子骨架","Only merge armatures that are children of the active armature"
"创建网格集合","Create Mesh Collection"
"创建新集合并将所有网格移至其中","Create a new collection and move all meshes to it"
"0","0"
"电枢 %s","Armature %s"
"复制姿势","Copy Pose"
"将姿势从活动装备复制到选定装备","Copy pose from active rig to selected rigs"
"将当前静止姿势应用于选定的装备和儿童","Apply current pose at rest pose to selected rigs and children"
"复制位置 %s","Copy Location %s"
"复制旋转 %s","Copy Rotation %s"
"复制比例 %s","Copy Scale %s"
"暗示","Hint"
"延伸至 %s","StretchTo %s"
"阻尼轨道 %s","Damped Track %s"
"锁定曲目 %s","Locked Track %s"
"%s 的子代","ChildOf %s"
"DEF-%s","DEF-%s"
"转换为 MHX","Convert To MHX"
"将钻机转换为 MHX","Convert rig to MHX"
"调整骨骼","Tweak Bones"
"添加调整骨骼","Add tweak bones"
"显示链接骨骼","Show Link Bones"
"显示链接骨骼","Show link bones"
"杆靶","Pole Targets"
"使用极点目标进行 IK。\n启用以实现完美的 FK/IK 捕捉","Use pole targets for IK.\nEnable for perfect FK/IK snapping"
"使用四元数表示球窝关节（肩部和臀部）。\n停用以实现向后兼容","Use quaternions for ball-and-socket joints (shoulders and hips).\nDisable for backward compatibility"
"伸展四肢","Stretchy Limbs"
"使手臂和腿具有伸展性","Enable stretchiness for arms and legs"
"脊柱 IK","Spine IK"
"Spine IK（实验性）","Spine IK (experimental)"
"轴卷绕机","Shaft Winder"
"为 Dicktator/Futalicious 轴添加窗口","Add windoer for Dicktator/Futalicious shaft"
"轴名称","Shaft Name"
"轴骨以此字符串开头（不区分大小写）","Shaft bones start with this string (case insensitive)"
"修复肘部和膝盖","Fix Elbows And Knees"
"改变肘部和膝盖的位置以获得更好的 IK","Change elbow and knee location for better IK"
"肘部父母","Elbow Parent"
"肘杆目标的父级","Parent of elbow pole target"
"膝关节父母","Knee Parent"
"膝杆目标的父级","Parent of knee pole target"
"踝关节","Ankle IK"
"添加额外的脚和脚趾骨骼作为 IK 目标","Add extra foot and toe bones as IK targets"
"骨骼组","Bone Groups"
"骨骼缺失错误","Missing Bone Errors"
"缺少骨骼时引发错误","Raise error for missing bones"
"%s.ik.%s","%s.ik.%s"
"手0.%s","hand0.%s"
"手指。%s","fingers.%s"
"肘杆P.%s","elbowPoleP.%s"
"手臂父项。％s","arm_parent.%s"
"掌握","master"
"膝极点%s","kneePoleP.%s"
"时髦的","hip"
"形","Dform "
"%s.扭曲","%s.twist"
"基本的","Basic"
"%s:钥匙","%s:KEYS"
"加载Moho","Load Moho"
"加载 Moho (.dat) 文件","Load Moho (.dat) file"
"音素集","Phoneme Set"
"强调","Emphasis"
"言语力量","Speech strength"
"更新限制","Update Limits"
"更新开元音的限制以考虑强调","Update limits of open vowels to account for emphasis"
"放松动画","Relax Animation"
"放松 Moho 动画，使其更加自然","Relax the Moho animation to make it more natural"
"更新变形路径","Update Morph Paths"
"更新预定义变形的路径","Update paths to predefined morphs"
"全选","Select All"
"选择/取消选择此部分中的所有变形","Select/Deselect all morphs in this section"
"使用后缀","Use Suffix"
"添加形态后缀","Add morph suffixes"
"后缀","Suffix"
"形态后缀","Morph suffix"
"加载变形后使所有骨骼均可动","Make all bones posable after the morphs have been loaded"
"自动将形状键传输到面部网格，如睫毛、泪水、眉毛和胡须","Automatically transfer shapekeys to face meshes\nlike eyelashes, tears, brows and beards"
"[％s]","[%s]"
"导入单位","Import Units"
"导入选定的脸部单元变形","Import selected face unit morphs"
"导入表达式","Import Expressions"
"导入选定的表情变形","Import selected expression morphs"
"导入视素","Import Visemes"
"导入选定的视位变形","Import selected visemes morphs"
"进口头","Import Head"
"导入选定的头部变形","Import selected head morphs"
"导入FACS","Import FACS"
"导入选定的 FACS 形态","Import selected FACS morphs"
"导入 FACS 详细信息","Import FACS Details"
"导入选定的 FACS 细节形态","Import selected FACS details morphs"
"导入 FACS 表达式","Import FACS Expressions"
"导入选定的 FACS 表达形态","Import selected FACS expression morphs"
"兼容 MHX","MHX Compatible"
"选择与 MHX 兼容的身体形态","Select MHX compatible body morphs"
"导入身体形态","Import Body Morphs"
"导入选定的身体形态","Import selected body morphs"
"除了手指以外","All But Fingers"
"取消选择手指和脚趾的变形","Deselect morphs for fingers and toes"
"导入 JCM","Import JCMs"
"导入选定的关节矫正变形","Import selected joint corrective morphs"
"进口阳刚","Import Masculine"
"导入选定的男性 JCM","Import selected masculine JCMs"
"进口女性","Import Feminine"
"导入选定的 import_feminine JCM","Import selected import_feminine JCMs"
"导入屈曲","Import Flexions"
"导入选定的屈曲形态","Import selected flexion morphs"
"创建凸起","Create Bulges"
"创建凸起变形。\n仅适用于 Genesis 和 Genesis 2 角色","Create bulge morphs.\nOnly for Genesis and Genesis 2 character"
"面单位","Face Units"
"导入所有脸部单元","Import all face units"
"表达式","Expressions"
"导入所有表达式","Import all expressions"
"视素","Visemes"
"导入所有视素","Import all visemes"
"忽略高清变形","Ignore HD Morphs"
"导入所有头部变形","Import all head morphs"
"流式细胞仪","FACS"
"导入所有 FACS 形态","Import all FACS morphs"
"FACS 详细信息","FACS Details"
"导入所有 FACS 详细信息","Import all FACS details"
"FACS 表达","FACS Expressions"
"导入所有 FACS 表达式","Import all FACS expressions"
"身体","Body"
"导入所有身体形态","Import all body morphs"
"仅兼容 MHX","MHX Compatible Only"
"仅导入与 MHX 兼容的身体形态","Only import MHX compatible body morphs"
"杰米斯","JCMs"
"导入所有 JCM","Import all JCMs"
"男性","Masculine"
"导入所有 maskuline JCM","Import all maskuline JCMs"
"女性","Feminine"
"导入所有女性 JCM","Import all feminine JCMs"
"屈曲","Flexions"
"导入所有屈曲","Import all flexions"
"凸起","Bulges"
"使所有凸起 (创世纪和创世纪 2)","Make all bulges (Genesis and Genesis 2)"
"忽略手指变形","Ignore Finger Morphs"
"导入标准变形","Import Standard Morphs"
"导入选定类型的所有标准变形。\n执行一次比加载单个类型更快","Import all standard morphs of selected types.\nDoing this once is faster than loading individual types"
"钻机属性驱动因素","Rig Property Drivers"
"使用装备属性驱动形键","Drive shapekeys with rig properties"
"网格类别","Mesh Categories"
"网格类别","Mesh categories"
"导入自定义变形","Import Custom Morphs"
"从原生 DAZ 文件 (*.duf、*.dsf) 导入选定的变形","Import selected morphs from native DAZ files (*.duf, *.dsf)"
"身体的一部分","Body part"
"变形影响的角色部分","Part of character that the morphs affect"
"治疗高清不匹配","Treat HD Mismatch"
"如何处理高清变形的顶点数不匹配问题","How to deal with vertex count mismatch for HD morphs"
"保护变形","Protect Morphs"
"保护钻机属性不被意外设置","Protect rig properties from being accidentally set"
"仅限属性","Only Properties"
"仅加载属性和属性驱动程序","Only load properties and property drivers"
"保存最喜欢的变形","Save Favorite Morphs"
"保存最喜欢的变形","Save favorite morphs"
"紧凑视图","Compact View"
"将每个类别分布在多行上。\n适用于手动编辑 json 文件","Spread each category on multiple lines.\nUseful for manual editing of json files"
"删除重复项","Remove Duplicates"
"从额外类别中删除变形","Remove morphs from extra categories"
"忽略 URL","Ignore URL"
"忽略指纹","Ignore Fingerprint"
"忽略描述网格拓扑的网格指纹","Ignore the mesh fingerprint which describes the mesh topology"
"加载最喜爱的变形","Load Favorite Morphs"
"载入最喜爱的变体","Load favorite morphs"
"导入烘焙矫正剂","Import Baked Correctives"
"导入 eJCM 文件","Import eJCM files"
"导入 FACS 文件","Import FACS files"
"导入 pJCM 文件","Import pJCM files"
"转移到其他网格","Transfer To Other Meshes"
"将形状键从主网格传输到其他网格","Transfer shapekeys from main mesh to other meshes"
"不合规网格","Non-conforming Meshes"
"将形键转移到不符合要求的网格","Transfer shapekeys to non-conforming meshes"
"忽略刚性","Ignore Rigidity"
"自动传输变形时忽略刚度组。\n变形可能与 DAZ Studio 不同","Ignore rigidity groups when auto-transfer morphs.\nMorphs may differ from DAZ Studio"
"导入 DAZ 收藏夹","Import DAZ Favorites"
"导入在 DAZ Studio 中标记为收藏的自定义变形","Import custom morphs marked as favorites in DAZ Studio"
"变形","Morph"
"%s 引用","%s REFS"
"%s 参考","%s REF"
"隐","Hidden"
"DAZ 设置（版本 4.1.0.%04d）","DAZ Setup (version 4.1.0.%04d)"
"更正","Corrections"
"变形驱动程序已禁用","Morph Drivers Disabled"
"能见度","Visibility"
"头发","Hair"
"  头发：%s","  Hair:  %s"
"  人类","  Human: %s"
"精加工","Finishing"
"高级设置","Advanced Setup"
"低多边形","Lowpoly"
"高清网格","HDMesh"
"网","Mesh"
"实用工具","Utilities"
"活动对象：%s","Active Object: %s"
"没有活动对象","No active object"
"活动骨骼：%s","Active Bone: %s"
"真骨：%s","True Bone: %s"
"无活动骨骼","No active bone"
"%.3f","%.3f"
"DAZ 运行时（版本 4.1.0.%04d）","DAZ Runtime (version 4.1.0.%04d)"
"摆姿势","Posing"
"锁定和限制","Locks And Limits"
"未分类的标准形态","Unclassified Standard Morphs"
"FaceCap 和 LiveLink","FaceCap and LiveLink"
"移至 BVH Retargeter","moved to BVH Retargeter"
"身体变形","Body Morphs"
"烘焙","Baked"
"％s：％.3f","%s : %.3f"
"打开所有类别","Open All Categories"
"关闭所有类别","Close All Categories"
"自定义变形","Custom Morphs"
"网格形状键","Mesh Shape Keys"
"自动关注","Auto Follow"
"图层","Layers"
"简单 IK","Simple IK"
"我知道","IK"
"自由港","FK"
"％秒 ％秒","%s %s"
"左边","Left"
"正确的","Right"
"IK影响力","IK Influence"
"手臂","Arm"
"腿","Leg"
"IK 弹性","IK Stretchiness"
"武器","Arms"
"腿","Legs"
"捕捉 FK 骨骼","Snap FK bones"
"左臂","Left Arm"
"右臂","Right Arm"
"左腿","Left Leg"
"右腿","Right Leg"
"捕捉 IK 骨骼","Snap IK bones"
"贝壳","Shells"
"DAZ Rigify 属性","DAZ Rigify Properties"
"目光跟随头部","Gaze Follows Head"
"左眼凝视","Left Gaze"
"右眼凝视","Right Gaze"
"骨骼名称","Bone name"
"平均刚度图权重","Average Rigidty Map Weight"
"形键名称","Shapekey name"
"形键形状的中心 刚度参考顶点","Center of shapekey shape Rigidity Reference vertices"
"比例因子","Scale Factor"
"在将shapekey传输到已定义刚度组的geograft时计算比例因子","Scale factor is calculated when transfer shapekey to the geograft that has defined Rigidity Group"
"Rigidity Group 最初来自的对象的名称（例如 Geograft）","Name of object (eg. Geograft) that Rigidity Group originaly came from"
"基础形状中心 刚度 参考顶点","Center of basis shape Rigidity Reference vertices"
"查找多边形","Find Polys"
"制作低多边形","Make Low Poly"
"用低多边形版本替换所有选定的网格","Replace all selected meshes by low-poly versions"
"保持 UV 孤岛","Keep UV Islands"
"保持 UV 孤岛","Keep UV islands"
"迭代次数","Iterations"
"取消细分的次数","Number of times to unsubdivide"
"四边形","Quads"
"将尽可能多的三角形转换为四边形","Convert as many triangles to quads as possible"
"寻找接缝","Find Seams"
"根据现有 UV 创建接缝","Create seams based on existing UVs"
"选择随机股线","Select Random Strands"
"分数","Fraction"
"要选择的股线分数","Fraction of strands to select"
"种子","Seed"
"随机数生成器的种子","Seed for the random number generator"
"按宽度选择股线","Select Strands By Width"
"选择不宽于阈值的股线","Select strands not wider than threshold"
"宽度","Width"
"最大允许宽度 (mm)","Max allowed width (mm)"
"按尺寸选择股线","Select Strands By Size"
"应用变形","Apply Morphs"
"应用所有形状键","Apply all shapekeys"
"应用子表面","Apply Subsurf"
"应用子表面修改器，维护形键","Apply subsurf modifier, maintaining shapekeys"
"打印统计","Print Statistics"
"显示选定网格的统计信息","Display statistics for selected meshes"
"添加模特","Add Mannequins"
"将人体模型添加到选定的网格中。","Add mannequins to selected meshes. Don"
"头型","Head Type"
"如何制作模特头","How to make the mannequin head"
"模特系列","Mannequin Collection"
"将模特添加到此系列","Add mannequin to this collection"
"网格集合","Mesh Collection"
"将基础网格添加到此集合","Add base meshes to this collection"
"转移法线","Transfer Normals"
"将自定义法线转移到人体模型网格","Transfer custom normals to mannequin meshes"
"传输顶点组","Transfer Vertex Groups"
"将顶点组转移到人体模型网格","Transfer vertex groups to mannequin meshes"
"忽略骨骼组","Ignore Bone Groups"
"临界点","Threshold"
"要保留的最小顶点权重","Minimum vertex weight to keep"
"传递顶点颜色","Transfer Vertex Colors"
"将顶点颜色转移到人体模型网格","Transfer vertex colors to mannequin meshes"
"传输 UV 层","Transfer UV Layers"
"将 UV 层转移到人体模型网格","Transfer UV layers to mannequin meshes"
"添加推送","Add Push"
"添加推形键","Add a push shapekey"
"推","Push"
"做出偏转","Make Deflection"
"为活动网格制作一个低多边形偏转网格","Make a low-poly deflection mesh for the active mesh"
"将偏转器转换为多数四边形网格","Convert the deflector into a majority-quad mesh"
"子表面","Subsurf"
"使用子表面修改器平滑偏转网格","Smooth the deflection mesh with a subsurf modifier"
"收缩包装","Shrinkwrap"
"将偏转网格收缩到原始网格","Shrinkwrap the deflection mesh to the original mesh"
"复制修改器","Copy Modifiers"
"将修改器从活动网格复制到选定网格","Copy modifiers from active mesh to selected"
"使用 Subsurf","Use Subsurf"
"同时复制 subsurf 和 multires 修饰符","Also copy subsurf and multires modifiers"
"取下布料","Remove Cloth"
"从源网格中删除布料修改器","Remove cloth modifiers from source mesh"
"广州铭","GZM_"
"将活动网格转换为父骨架骨骼的自定义形状","Convert the active mesh to custom shapes for the parent armature bones"
"删除未使用的","Delete Unused"
"删除未使用的骨骼。\n如果禁用，则未使用的骨骼将被隐藏","Delete unused bones.\nIf disabled, unused bones are hidden"
"渲染帧","Render Frames"
"将一系列帧渲染为静止图像。\n为了克服变形骨架和渲染的问题","Render a range of frames as still images.\nTo overcome problems with morphing armatures and rendering"
"所有骨架","All Armatures"
"自动变形所有可见骨架，而不仅仅是可见骨架","Auto morph all visible armatures instead of just the visible ones"
"开放 GL","Open GL"
"Open GL 渲染","Open GL rendering"
"在装配之前优化静止姿势。\n对于手部动画，因为姿势无法正确导入","Optimize rest pose before rigifying.\nFor hand animation, because poses will not be imported correctly"
"自动对齐手/脚","Auto Align Hand/Foot"
"自动对齐手和脚（装备参数）","Auto align hand and foot (Rigify parameter)"
"重新计算卷","Recalc Roll"
"重新计算大腿和胫骨的滚动角度，\n使它们与全局 Z 轴对齐。\n适用于 Genesis 1、2 和 3 角色","Recalculate the roll angles of the thigh and shin bones,\nso they are aligned with the global Z axis.\nFor Genesis 1,2, and 3 characters"
"胫骨裂骨","Split Shin Bone"
"将胫骨分成弯曲和扭曲的部分","Split the shin bone into bend and twist parts"
"自定义图层","Custom Layers"
"显示脸部和自定义骨骼的图层。\n不适用于 Rigify 旧版","Display layers for face and custom bones.\nNot for Rigify legacy"
"分离 IK 脚趾","Separate IK Toes"
"创建单独的 IK 脚趾控制以实现更好的 IK/FK 捕捉","Create separate IK toe controls for better IK/FK snapping"
"装备源","Rigify Source"
"脊柱","spine"
"通过存储弯曲角度来改善 IK。\n这与 daz 姿势兼容，但不适用于 rigify 杆，因此无法使用。\n如果使用 IK 优化姿势，则不需要","Improve IK by storing a bending angle.\nThis is compatible with daz poses but does not work with rigify poles so they can not be used.\nNot needed if Optimize Pose for IK is used"
"%s%s.%s","%s%s.%s"
"DEF-%s.001","DEF-%s.001"
"DEF-%s.01","DEF-%s.01"
"DEF-%s.02","DEF-%s.02"
"DEF-","DEF-"
"达兹","DAZ"
"%s%s%d","%s%s%d"
"ORG-％s.％02d.％s","ORG-%s.%02d.%s"
"转换为装备","Convert To Rigify"
"将活动装备转换为装备","Convert active rig to rigify"
"删除 Metarig","Delete Metarig"
"在 Rigify 后删除中间装备","Delete intermediate rig after Rigify"
"创建 Metarig","Create Metarig"
"从活动装备创建元装备","Create a metarig from the active rig"
"装备 Metarig","Rigify Metarig"
"将 metarig 转换为 rigify","Convert metarig to rigify"
"注视骨骼跟随头部骨骼旋转","The gaze bone follows the head bone rotations"
"凝视左边","Gaze Left"
"眼球追踪左凝视骨骼量","eye tracking the left gaze bone amount"
"凝视右方","Gaze Right"
"眼球追踪正确的凝视骨骼量","eye tracking the right gaze bone amount"
"由 IK 控制的舌头骨骼","Tongue bones controlled by IK"
"单位","Units"
"设置全局单位比例","Set global unit scale"
"对象比例","Object Scale"
"活动物体的比例","Scale of the active object"
"更新单位比例","Update Unit Scale"
"更新全局单位比例","Update global unit scale"
"物体比例：%.4f","Object Scale: %.4f"
"秤体材质","Scale Materials"
"使用长度维度缩放材料属性（凹凸距离、地下半径等）","Scale material properties with dimension of length\n(bump distance, subsurface radius, etc.)"
"缩放对象","Scale Objects"
"安全地更改所选对象和子对象的单位比例","Safely change the unit scale of selected object and children"
"扫描活动网格","Scan Active Mesh"
"仅扫描活动网格的变形","Only scan morphs for active mesh"
"创世纪","Genesis"
"扫描创世纪","Scan Genesis"
"创世纪 2 女","Genesis 2 Female"
"扫描 Genesis 2 女性","Scan Genesis 2 female"
"创世纪 2 男","Genesis 2 Male"
"扫描 Genesis 2 男性","Scan Genesis 2 male"
"创世纪 3 女","Genesis 3 Female"
"扫描 Genesis 3 女性","Scan Genesis 3 female"
"创世纪 3 男","Genesis 3 Male"
"扫描 Genesis 3 男性","Scan Genesis 3 male"
"创世纪 8 女","Genesis 8 Female"
"扫描 Genesis 8 女性","Scan Genesis 8 female"
"创世纪 8 男","Genesis 8 Male"
"扫描 Genesis 8 男性","Scan Genesis 8 male"
"创世纪 8.1 女","Genesis 8.1 Female"
"扫描 Genesis 8.1 女性","Scan Genesis 8.1 female"
"创世纪 8.1 男","Genesis 8.1 Male"
"扫描 Genesis 8.1 男性","Scan Genesis 8.1 male"
"创世记 9","Genesis 9"
"扫描 Genesis 9","Scan Genesis 9"
"扫描变形目录","Scan Morph Directory"
"扫描单个目录以查找当前网格的变形，并建立数据库","Scan a single directory for morphs for the present mesh,\nand build a database"
"公式","Formulas"
"包括公式","Include formulas"
"子目录","Subdirectories"
"同时扫描顶级子目录","Also scan top level subdirectories"
"定义","Definitions"
"包括定义路径。\n如果变形和文件名不同","Include paths to definitions.\nIf morph and file names differ"
"扫描形态数据库","Scan Morph Database"
"扫描 DAZ 数据库\n查找当前网格的变形，\n并构建数据库","Scan the DAZ database\nfor morphs for the present mesh,\nand build a database"
"检查数据库更新","Check Database For Updates"
"所有角色","All Characters"
"扫描变形数据库以查找所有角色类型","Scan morph database for all character types"
"全选","Select all"
"选择无","Select none"
"激活此类型所有未受保护的变形","Activate all unprotected morphs of this type"
"受保护","Protected"
"激活此类型的所有受保护变形","Activate all protected morphs of this type"
"停用此类型的所有变形","Deactivate all morphs of this type"
"将选定的所有指定类型的变形设置为零。\n不影响整数属性","Set all selected morphs of specified type to zero.\nDoes not affect integer properties"
"设置变形","Set Morphs"
"将指定类型的所有选定变形设置为给定值。\n不影响整数属性","Set all selected morphs of specified type to given value.\nDoes not affect integer properties"
"价值","Value"
"将所有选定的变形设置为该值","Set all selected morphs to this value"
"清晰的形状","Clear Shapes"
"将所有选定的指定类型的shapekey值设置为零","Set all selected shapekey values of specified type to zero"
"设置形状","Set Shapes"
"将选定的所有指定类型的形状键值设置为给定值。\n不影响整数属性","Set all selected shapekey values of specified type to given value.\nDoes not affect integer properties"
"将所有选定的形状键设置为该值","Set all selected shapekeys to this value"
"键盘","Keyset"
"将选定的变形添加到活动自定义键控集，或创建新的键控集","Add selected morphs to active custom keying set, or make new one"
"daz_morphs","daz_morphs"
"设置关键点","Set Keys"
"在当前帧为所有选定的指定类型的变形设置关键帧","Set keys for all selected morphs of specified type at current frame"
"在当前帧为指定类型的所有形状设置关键帧","Set keys for all shapes of specified type at current frame"
"移除密钥","Remove Keys"
"从当前帧中选定的所有指定类型的变形中删除关键帧","Remove keys from all selected morphs of specified type at current frame"
"从当前帧中删除所有指定类型的形键","Remove keys from all shapekeys of specified type at current frame"
"切换所有类别","Toggle All Categories"
"打开或关闭所有变形类别","Toggle all morph categories on and off"
"固定属性","Pin property"
"固定形状键值","Pin shapekey value"
"添加简单 IK","Add Simple IK"
"手臂运动","Arm IK"
"为手臂添加 IK","Add IK to arms"
"腿部运动","Leg IK"
"为腿部添加 IK","Add IK to legs"
"将极点目标添加到 IK 链。\n姿势将无法正确加载。","Add pole targets to the IK chains.\nPoses will not be loaded correctly."
"ERC 变形影响 IK","ERC Morphs Affect IK"
"让 ERC 变形改变 IK 手、IK 脚跟和杆目标位置","Let ERC morphs change the IK hands, IK heels, and pole target locations"
"根骨","Root Bone"
"添加一个根骨骼，它是所有其他骨骼的父骨骼","Add a root bone which is the parent of all other bones"
"反向脚","Reverse Foot"
"为 IK 添加反向脚","Add reverse foot for IK"
"Snap FK","Snap FK"
"将 FK 骨骼捕捉到 IK 骨骼","Snap FK bones to IK bones"
"Snap FK 全部","Snap FK All"
"将所有 FK 骨骼捕捉到 IK 骨骼","Snap all FK bones to IK bones"
"Snap FK 动画","Snap FK Animation"
"捕捉选定帧的 FK 动画","Snap FK animation for selected frames"
"包括左臂的动画","Include animation for left arm"
"包括右臂的动画","Include animation for right arm"
"包括左腿动画","Include animation for left leg"
"包括右腿的动画","Include animation for right leg"
"更改图层","Change Layers"
"捕捉 IK","Snap IK"
"将 IK 骨骼与 FK 骨骼对齐。\n对齐仅是近似的","Snap IK bones to FK bones.\nSnapping is only approximate"
"捕捉 IK 全部","Snap IK All"
"将所有 IK 骨骼对齐到 FK 骨骼。\n对齐只是近似的","Snap all IK bones to FK bones.\nSnapping is only approximate"
"切换 FK IK","Toggle FK IK"
"切换 FK/IK","Toggle FK/IK"
"连接骨链","Connect Bone Chains"
"将链中的所有骨骼与其父骨骼连接起来","Connect all bones in chains to their parents"
"连接手臂骨骼","Connect arm bones"
"连接腿骨","Connect leg bones"
"脊柱","Spine"
"连接脊椎骨","Connect spine bones"
"脖子","Neck"
"连接颈骨","Connect neck bones"
"手指","Fingers"
"连接手指骨头","Connect finger bones"
"脚趾","Toes"
"连接脚趾骨骼","Connect toe bones"
"舌头","Tongue"
"连接舌骨","Connect tongue bones"
"选定","Selected"
"连接选定的骨骼","Connect selected bones"
"解锁最后一根骨头","Unlock Last Bone"
"移除每个链中最后一个骨骼的位置锁，以用作自动 IK 目标","Remove location locks of the last bone in each chain for use as Auto IK target"
"地点","Location"
"父骨骼和子骨骼的连接位置","Where to connect parent and child bones"
"选择所有命名图层并取消选择所有未命名图层","Select all named layers and unselect all unnamed layers"
"取消选择除活动图层之外的所有命名和未命名图层","Unselect all named and unnamed layers except active"
"复制绝对姿势","Copy Absolute Pose"
"改善 IK 行为","Improve IK behaviour"
"批量设置自定义形状","Batch Set Custom Shape"
"将选定的网格设置为所有选定骨骼的自定义形状","Set the selected mesh as the custom shape of all selected bones"
"清除自定义形状","Clear custom shapes"
"翻译","Translation"
"回转","Rotation"
"左臂 IK","Left Arm IK"
"右臂 IK","Right Arm IK"
"左腿 IK","Left Leg IK"
"右腿 IK","Right Leg IK"
"弹性手臂","Stretchy Arms"
"弹性腿","Stretchy Legs"
"将顶点组从活动状态转移到选定状态","Transfer vertex groups from active to selected"
"按编号复制顶点组","Copy Vertex Groups By Number"
"将顶点组从活动网格复制到具有相同顶点数量的选定网格","Copy vertex groups from active to selected meshes with the same number of vertices"
"传输形状键","Transfer Shapekeys"
"将形状键从活动网格传输到选定网格","Transfer shapekeys from active mesh to selected meshes"
"转移方式","Transfer Method"
"转移形态的方法","Method used to transfer morphs"
"转移驱动程序","Transfer Drivers"
"传输形状键和驱动程序","Transfer both shapekeys and drivers"
"Shapekeys 作为驱动程序","Shapekeys As Drivers"
"使用主形状键来驱动其他形状键","Use the main shapekey to drive the other shapekeys"
"力量倍增器","Strength Multiplier"
"为驱动程序添加强度乘数","Add a strength multiplier to drivers"
"使用供应商变形","Use Vendor Morphs"
"使用供应商提供的定制变形，否则始终自动传输变形","Use customized morphs provided by vendor,\notherwise always auto-transfer morphs"
"覆盖现有的形状键","Overwrite Existing Shapekeys"
"覆盖现有形状键或创建新形状键","Overwrite existing shapekeys or create new ones"
"仅选定顶点","Selected Verts Only"
"仅复制到选定顶点","Only copy to selected vertices"
"应用所有形键","Apply All Shapekeys"
"将所有形状键应用于选定的网格","Apply all shapekeys to selected meshes"
"应用活动形键","Apply Active Shapekey"
"将活动形状键添加到所有其他形状键","Add active shapekey to all other shapekeys"
"应用形状键","Apply shapekey "
"混合形状键","Mix Shapekeys"
"混合形状键","Mix shapekeys"
"形键 1","Shapekey 1"
"第一个形键","First shapekey"
"形键 2","Shapekey 2"
"第二个形状键","Second shapekey"
"因素 1","Factor 1"
"第一个因素","First factor"
"因素 2","Factor 2"
"第二因素","Second factor"
"混合所有类似","Mix All Similar"
"混合所有具有相似名称的形状键","Mix all shapekeys with similar names"
"首先覆盖","Overwrite First"
"覆盖第一个形状键","Overwrite the first shapekey"
"删除合并","Delete Merged"
"合并后删除未使用的形状键","Delete unused shapekeys after merge"
"新形键","New shapekey"
"新形键的名称","Name of new shapekey"
"过滤器 1","Filter 1"
"过滤器 2","Filter 2"
"第一的","First"
"第二","Second"
"因素","Factor"
"形键","Shapekey"
"修剪顶点组","Prune Vertex Groups"
"删除权重低于阈值的顶点和组","Remove vertices and groups with weights below threshold"
"可视化 Shapekey","Visualize Shapekey"
"将shapekey可视化为一个顶点组","Visualize shapekey as a vertex group"
"下限","Lower Threshold"
"形键距离的下阈值，单位为毫米","Lower threshold for shapekey distance, in mm"
"上限","Upper Threshold"
"形键距离的上限阈值，单位为毫米","Upper threshold for shapekey distance, in mm"
"錄影 %s","DIMG %s"
"Geograft 瓷砖","Tiles From Geograft"
"将地理移植 UV 坐标移动到与身体 UV 相同的图块","Move geograft UV coordinates to same tile as body UVs"
"修复纹理瓷砖","Fix Texture Tiles"
"将纹理复制到正确的目录并更正图块编号。\n修复不正确的 Genesis 8.1 材质名称","Copy textures to the right directory and correct tile numbers.\nTo fix incorrect Genesis 8.1 material names"
"制作 UDIM 材质","Make UDIM Materials"
"将选定网格的材质组合成单一的 UDIM 材质","Combine materials of selected mesh into a single UDIM material"
"积极的","Active"
"如果尚未保存本地纹理","Save local textures if not already done"
"修复纹理","Fix Textures"
"合并材质而不只是纹理。\n这可能会导致一些信息丢失。\n如果没有，可以随后调用合并材质","Merge materials and not only textures.\nThis may cause some information loss.\nIf not, Merge Materials can be called afterwards"
"堆栈外壳","Stack Shells"
"将壳组添加到 UDIM 材料","Add shell groups to UDIM material"
"要合并的材质","Materials To Merge"
"％秒","T_%s"
"设置 UDIM 图块","Set UDIM Tile"
"将选定材质的所有 UV 坐标移动到指定的 UV 平铺","Move all UV coordinates of selected materials to specified UV tile"
"更新滚动条","Update Scrollbars"
"更新所有滚动条","Update all scrollbars"
"DAZ_UL_Custom_％s","DAZ_UL_Custom_%s"
"DAZ_UL_Shape_％s","DAZ_UL_Shape_%s"
"显示设置选项卡","Show Setup Tab"
"显示 DAZ 设置选项卡","Show the DAZ Setup tab"
"显示运行时选项卡","Show Runtime Tab"
"显示 DAZ 运行时选项卡","Show the DAZ Runtime tab"
"钻机层","Rig Layers"
"VIEW3D_PT_rig_layers_","VIEW3D_PT_rig_layers_"
"根","Root"
"长袍","Robe"
"披风","Cloak"