该模块提供了一个用于管理搅拌机类的类,This module provides a class for managing blender classes,
添加要管理的 blender 类,Add a blender class to be managed,
此文件处理插件偏好设置。,This file handles addon preferences.,
MPFB 偏好,Preferences for MPFB,
"""\""
"""",""具有多个面板的 UI 布局""","""\""""
"""",""UI layout with multiple panels""",
使用具有多个面板的布局，例如一个面板用于目标，一个面板用于材料等等，而不是将所有内容都放在一个面板中。,"Use a layout with multiple panels, such as one for targets, one for materials and so on, rather than everything in a single panel.",
MPFB 用户数据路径,Path to MPFB user data,
如果您想将 MPFB 用户数据存储在默认位置以外的其他位置，您可以在此处输入现有目录的路径,"If you want to store MPFB user data somewhere other than in the default location, you can enter the path to an existing directory here",
MakeHuman 用户数据路径,Path to MakeHuman user data,
如果您想使用从 MakeHuman 创建或下载的资产和模型，您可以在此处指定数据目录的路径。它通常是 ~/Documents/makehuman/v1py3/data 或类似的内容,"If you want to use assets and models created from or downloaded with MakeHuman, you can specify the path to the data directory here. It is usually ~/Documents/makehuman/v1py3/data or something looking like that",
自动发现 MakeHuman 用户数据的路径,Autodiscover path to MakeHuman user data,
如果未指定 MakeHuman 用户数据目录的路径，则尝试自动找出该路径。如果明确设置了路径，则此设置将不起作用,"If the path to the MakeHuman user data directory is not specified, then try to figure it out automatically. If the path is explicitly set, this setting will have no effect",
全局记录所有未捕获的异常,Globally log all uncaught exceptions,
为了记录未处理的异常，MPFB 可以覆盖全局异常处理程序。这可能会在重新加载和/或与其他模块一起使用时导致问题。但是，如果您遇到崩溃并需要正确的日志，您可以暂时启用此功能,"In order to log unhandled exceptions, MPFB can override the global exception handler. This might cause problems when reloading and/or together with other modules. However, if you run into a crash and need a proper log, you can enable this temporarily",
货架标签,Shelf label,
如果您想为 MPFB 架子选项卡使用不同的名称，您可以在此处输入任何非空字符串,"If you want to use a different name for the MPFB shelf tab, you can enter any non-empty string here",
‘,',
您需要重新启动搅拌机才能使以下更改生效。,You need to restart blender before changes below come into effect.,
请记住在重新启动之前保存首选项。,Remember to save preferences before restarting.,
解构所有已加载的 blenderish 类,Deconstruct all loaded blenderish classes,
该模块包含通过 JSON 序列化/反序列化装备的功能。,This module contains functionality for serializing/deserializing rigs via JSON.,
代表骨架的实体类。,Entity class representing an armature.,
您可能希望使用其中一种静态方法，而不是直接调用 init。,You might want to use one of the static methods rather than calling init directly.,
创建 Rig 的一个实例，并使用来自 json 文件和基础网格的信息填充它。,Create an instance of Rig and populate it with information from the json file and from the base mesh.,
创建 Rig 的一个实例，并使用来自骨架和相关网格的信息填充它。,Create an instance of Rig and populate it with information from the armature and related meshes.,
使用对象中的信息构建骨架并调整它以适合基础网格。,Use the information in the object to construct an armature and adjust it to fit the base mesh.,
在骨架对象中创建实际的骨骼。,Create the actual bones in the armature object.,
重新定位骨骼以适应基础网格的当前状态。,Reposition bones to fit the current state of the basemesh.,
为编辑骨骼分配适合的元数据。,Assign metadata fitting for the edit bones.,
为姿势骨骼分配适合的骨骼元数据。,Assign bone meta data fitting for the pose bones.,
从连接两个关节的每条链中选择最好的骨骼。,Select the best bone from each chain connecting two joints.,
从连接两个关节的链中选择最佳骨骼。,Select the best bone from a chain connecting two joints.,
计算从一个点到一个骨骼的距离。,Calculates the distance from a point to a Bone.,
找到连接两个关节立方体的骨骼链，并自动进行关节不分裂。,"Find chains of bones connecting two joint cubes, with automatic joint unsplitting.",
找到连接两个关节立方体的骨骼链。,Find chains of bones connecting two joint cubes.,
将策略数据保存在姿势骨骼中以供开发。,Save strategy data in the pose bones for development.,
从骨骼中检索头部或尾部策略设置。,Retrieve head or tail strategy settings from a bone.,
列出仍标记为使用默认定位策略的骨骼。,List bones which are still marked as using the DEFAULT positioning strategy.,
移动基础网格，使其脚着地并应用此变换。,Move basemesh so it has feet on ground and apply this transform.,
" "," ",
temporary_fit_rig_key。,temporary_fit_rig_key.,
从骨骼数据中提取骨骼信息。,Extract bone information from the bone data.,
从编辑骨骼中提取骨骼信息。,Extract bone information from the edit bones.,
在定义中对一些浮点值进行舍入，以减少重新保存时的噪音,Round some float values in definitions to reduce noise on re-save,
从姿势骨骼中提取信息。,Extract information from the pose bones.,
检索与给定网格顶点相关的变形权重。,Retrieve deform weights associated with the given mesh vertex.,
尝试找出与关节立方体匹配的骨骼位置。,Try to find out bone positions matching joint cubes.,
检查保存的策略是否更好并应用它们。,Check if the saved strategies are better and apply them.,
该模块包含插件各个地方使用的实体。,This module contains entities used in various places of the plugin.,
该模块提供 MHCLO 文件的信息持有者。,This module provides and information holder for MHCLO files.,
MHCLO 文件的值的表示。,A representation of the values of a MHCLO file.,
创建一个具有默认值的空的 MHCLO 对象。,Create an empty MHCLO object with default values.,
进口布料,imported_cloth,
没有描述,no description,
制作皮肤材质,MakeSkinMaterial,
群组输入,Group Input,
组输出,Group Output,
材料输出,Material Output,
如果我们计划应用一个已定义的骨架,If there is a defined skeleton that we plan to apply,
返回代表地面的联合立方体中心的 z 坐标,Return the z coordinate for the center of the joint cube representing the ground,
为辅助几何中的顶点设置顶点组。,Setup vertex groups for vertices in the helper geometry.,
从 MH 获取有关钻机的信息,Fetch information about the rig from MH,
为基础网格创建实际的混合器对象，并为其应用顶点组和修改器,"Create the actual blender object for the basemesh, and apply vertex groups and modifiers for it",
身体,body,
导入器预设的获取器，它是一个应该在构造函数中给出的字典,"Getter for the importer presets, which is a dict that should have been given in the constructor",
对象类型的获取器。类型包括 Basemesh、Proxymeshes、Clothes、Eyes 等等。,"Getter for object type. Type is Basemesh, Proxymeshes, Clothes, Eyes and so on and so forth.",
从 object_info 获取名称的便捷调用,Convenience call from getting name from object_info,
从 object_info 获取文件名的便捷调用,Convenience call from getting filename from object_info,
获取顶点索引数组并使用这些数组来创建额外的顶点组。,Take arrays of vertex indices and use these to create extra vertex groups.,
对指定网格中的特定（混合器）顶点组执行实际加权。,Perform the actual weighting for a particular (blender) vertex group in the specified mesh.,
找到 Z 值最低的顶点坐标,Find the vertex coordinate with the lowest Z value,
使用所有收集到的 numpy 数据并进行变换来构建一个 blender mesh 对象,Use all the collected numpy data and transform to construct a blender mesh object,
该模块包含用于暂存从 makehuman 导入的助手。,This module contains helpers for staging the import from makehuman.,
处理动画的服务。,Service for working with animations.,
不要实例化，类中只有静态方法,"Do not instance, there are only static methods in the class",
通过向每个 fcurve 添加修改器使动画循环。可选择向一个骨骼添加偏移参数。,Make an animation cyclic by adding a modifier to each fcurve. Optionally add offset parameter to one bone.,
扫描为姿势骨骼设置的所有关键帧并返回包含所有信息的字典。,Scan through all key frames set for pose bones and return a dict with all info.,
为姿势骨骼分配关键帧。,Assign key frames for pose bones.,
该模块包含扫描资产存储库的实用功能。,This module contains utility functions scanning asset repositories.,
该模块包含服装的实用功能。,This module contains utility functions for clothes.,
衣服的实用功能。,Utility functions for clothes.,
您不应该实例化 ClothesService。而是使用它的静态方法。,You should not instance ClothesService. Use its static methods instead.,
移动衣服顶点，使其适合基础网格的当前形状。,Move clothes vertices so they fit the current shape of the base mesh.,
临时装配钥匙。,temporary_fitting_key.,
“在基础网格上创建或更新“删除”组。”,"""Create or update a \""delete\"" group on the base mesh.""",
删除,Delete,
为给定的衣服物体设置重量和自定义子装置。,Set up weights and a custom sub-rig for the given clothes object.,
尝试为给定的衣服和装备加载自定义重量。,Try to load custom weights for the given clothes and rig.,
人类对象的高级功能,High-level functionality for human objects,
用于各种人工任务的高级实用函数。,High-level utility functions for various human tasks.,
您不应实例化 HumanService。请改用其静态方法。,You should not instance HumanService. Use its static methods instead.,
删除。,Delete.,
代理网格,Proxymeshes,
仪表,METER,
分米,DECIMETER,
厘米,CENTIMETER,
代理网格,proxymeshes,
人体模型,Human.rigify,
日志记录功能,Functionality for logging,
构建新的日志通道。,Construct a new log channel.,
设置此频道的最高报告级别,Set the highest level to report for this channel,
报告崩溃。无论日志级别设置为何，都会报告此情况。,"Report a crash. This will always be reported, no matter what the log level is set to.",
如果日志级别至少为 1，则报告错误。,"Report an error, if the log level is at least 1.",
如果日志级别至少为 2，则报告警告。,"Report a warning, if the log level is at least 2.",
如果日志级别至少为 3，则报告信息。,"Report an information, if the log level is at least 3.",
如果日志级别至少为 4，则报告调试消息。,"Report a debug message, if the log level is at least 4.",
如果日志级别至少为 5，则报告跟踪消息。,"Report an trace message, if the log level is at least 5.",
如果日志级别至少为跟踪，则将大型数据结构转储到日志中。,"Dump a large data structure to the log, if the log level is at least trace.",
如果日志级别至少为跟踪，则报告已输入方法。,"Report that a method was entered, if the log level is at least trace.",
返回自上次重置此通道以来已经经过的毫秒数。,Return the number of millisections which has passed since time was last reset for this channel.,
如果日志级别至少为调试，则报告时间戳消息。,"Report a timestamp message, if log level is at least debug.",
重置此日志通道的计时器,Reset the timer for this log channel,
用于记录消息的服务。,Service for logging messages.,
不要尝试构造 LogService 类。它仅包含静态方法。,Don't try to construct the LogService class. It only contains static methods.,
获取（或创建）具有指定名称的日志通道。,Get (or create) a log channel with the specified name.,
如果没有为某个通道设置特定的覆盖，则设置该通道使用的默认级别。,"Set the default level to use for channels, if no specific override has been set for that channel.",
返回默认日志级别。,Return the default log level.,
以适合 UI 列表的格式返回记录器列表。,Return a list of loggers in a format which is appropriate for lists in the UI.,
以适合 UI 中的列表的格式返回记录器类别列表。,Return a list of logger categories in a format which is appropriate for lists in the UI.,
返回具有当前定义的记录器的实时字典。,Return a live dict with the currently defined loggers.,
指定使用不同的级别，而不是指定记录器的默认级别。,Specify a different level to use rather than the default for the specified logger.,
将所有级别（包括默认级别）重置为出厂设置。,Reset all levels (including the default) to the factory settings.,
用于处理材料的各种功能,Various functions for working with materials,
用于处理材料的实用程序类,Utility class for working with materials,
您不应实例化 MaterialService。请改用其静态方法。,You should not instance MaterialService. Use its static methods instead.,
检查对象是否已分配任何材质,Check if object has any materials at all assigned,
返回对象给定材质槽中的材质,Return the material in the object's given material slot,
试着弄清楚我们有哪种材料,Try to figure out which kind of material we have,
非彩色,Non-Color,
尝试修改材质，使其使用法线贴图,Try to modify the material so that it uses the normal map,
纹理坐标,TexCoord,
漫反射纹理,DiffuseTexture,
返回皮肤材质的静态颜色，例如在视口中使用。,"Return a static color for the skin material, for example to be used in the viewport.",
返回身体部位材质的静态颜色，例如在视口中使用。,"Return a static color for a bodypart material, for example to be used in the viewport.",
返回衣服材质的静态颜色，例如在视口中使用。,"Return a static color for a clothes material, for example to be used in the viewport.",
返回眼睛材质的静态颜色，例如在视口中使用。,"Return a static color for the eye material, for example to be used in the viewport.",
返回牙齿材质的静态颜色，例如在视口中使用。,"Return a static color for the teeth material, for example to be used in the viewport.",
返回所有材质的所有静态颜色。,Return all static colors for all materials.,
MeshService 包含用于工作网格、顶点组、权重等的各种功能。,"MeshService contains various functions for working meshes, vertex groups, weights and similar.",
查找顶点组中的所有顶点，返回包含组中顶点索引和权重的列表。,"Find all vertices in a vertex group, return a list with vertex index and weight in group.",
创建一个新的顶点组并向其中添加顶点和权重。,Create a new vertex group and add verts and weights to it.,
该模块包含用于处理修饰符的实用函数。,This module contains utility functions for working with modifiers.,
将修改器移至堆栈顶部,Move a modifier to the top of the stack,
为 blender_object 创建给定类型的新修改器。可选择将其放置在堆栈顶部。,"Create a new modifier for blender_object, of the given type. Optionally place it in the top of the stack.",
为给定的顶点组创建一个 blender_object 的遮罩修改器。可选择将其放置在堆栈顶部。,"Create a mask modifier for blender_object, for the given vertex group. Optionally place it in the top of the stack.",
为 blender_object 创建一个 subdiv 修改器。可选择将其放置在堆栈顶部。,Create a subdiv modifier for blender_object. Optionally place it in the top of the stack.,
返回包含给定对象的所有具有给定类型的修饰符的列表。,Return a list with all modifiers with a given type for the given object.,
返回给定类型的修饰符，也可以通过名称进行限制,"Return a modifier of the given type, optionally also limited by name",
该服务提供用于处理着色器节点的实用函数。,This service provides utility functions for working with shader nodes.,
遍历所有 v2 节点组并检查它们，如果它们尚未初始化，则创建它们。,"Iterate over all v2 node groups and check them, creating them if they haven't been initialized.",
返回一个包含节点所有输入套接字的默认值的字典。,Return a dict with the default values of all input sockets for a node.,
“将节点的输入套接字默认值设置为“values”字典中提供的值。”,"""Set the node's input socket default values to the values provided in the \""values\"" dict.""",
删除节点树中的所有节点。树实例将被保留。,Delete all nodes in a node tree. The tree instance as such will be preserved.,
sRGB,sRGB,
查找具有给定组名的节点树并返回它。如果不存在，则创建它。,"Find a node tree with the given group name and return it. If it doesn't exist, then create it.",
在节点树中查找具有给定名称的节点。,Find a node with the given name in the node tree.,
返回包含节点树中给定类型的所有节点的数组。,Return an array with all nodes of the given type in the node tree.,
返回具有给定标识符或名称的输入套接字。如果未找到套接字，则返回 None。,"Return the input socket with the given identifier or name. If the socket is not found, return None.",
返回具有给定标识符或名称的输出套接字。如果未找到套接字，则返回 None。,"Return the output socket with the given identifier or name. If the socket is not found, return None.",
返回具有给定标识符或名称的套接字。如果未找到套接字，则返回 None。,"Return the a socket with the given identifier or name. If the socket is not found, return None.",
在节点树中查找具有给定类型的第一个节点。,Find the first node with the given type in the node tree.,
找到具有指示节点树的第一个 ShaderNodeGroup。,Find the first ShaderNodeGroup with the indicated node tree.,
返回包含节点树中给定类型类的所有节点的数组。,Return an array with all nodes of the given type class in the node tree.,
在节点树中查找具有给定类型类的第一个节点。,Find the first node with the given type class in the node tree.,
返回具有给定名称的节点输入套接字的默认值。,Return the default value of the node's input socket with the given name.,
返回链接到给定节点中的输入套接字的节点。,Return the node that links to an input socket in the given node.,
返回图像纹理节点引用的图像的规范化文件路径。,Return the normalized file path of an image referred to by an image texture node.,
创建具有给定类型的新节点。,Create a new node with the given type.,
根据提供的字典中的信息创建一个新节点。,Create a new node based on information in the provided dict.,
创建一个新的原则节点。,Create a new principled node.,
创建一个新的凹凸节点。,Create a new bump node.,
创建一个新的法线贴图节点。,Create a new normal map node.,
创建一个新的位移图节点。,Create a new displacement map node.,
创建一个新的 mixrgb 节点。,Create a new mixrgb node.,
创建一个新的值节点。,Create a new value node.,
创建一个新的属性节点。,Create a new attribute node.,
创建一个新的图像纹理节点。,Create a new image texture node.,
该模块包含用于处理对象的实用函数。,This module contains utility functions for working with objects.,
生成包含 15 个小写 ascii 字符的随机字符串。,Generate a random string containing 15 lowercase ascii characters.,
安全地删除具有给定名称的对象。如果对象不存在，则会优雅地跳过任何操作。,Safely delete an object with a given name. Will gracefully skip doing anything if the object does not exist.,
安全地删除具有给定名称的对象。如果对象为 None，则会优雅地跳过任何操作。,Safely delete an object with a given name. Will gracefully skip doing anything if the object is None.,
检查是否存在具有给定名称的现有对象。,Check if there's an existing object with the given name.,
选定并激活指定对象。也可以取消选择所有其他对象。,Make given object selected and active. Optionally also deselect all other objects.,
确保未选择任何对象或未激活任何对象。,Make sure no object is selected nor active.,
新对象,NewObject,
使用网格数据块创建一个新的网格对象。,Create a new mesh object with a mesh data block.,
用骨架数据块创建一个新的骨架对象。,Create a new armature object with an armature data block.,
创建一个新的空对象，可选择指定其绘制类型和父对象。,"Create a new empty object, optionally specifying its draw type and parent.",
将搅拌器对象链接到集合，也可以选择分配父对象,"Link a blender object to a collection, optionally also assigning a parent object",
返回父属性设置为parent_object的对象列表。,Return list with objects whose parent property is set to parent_object.,
查找所有选定的对象，但可以选择排除非 MH 对象、网格对象、骨架对象和元对象。,"Find all selected objects, but optionally exclude non-MH objects, mesh objects, armature objects, and meta objects.",
查找所有选定的骨架对象。,Find all selected armature objects.,
查找所有选定的网格对象。,Find all selected mesh objects.,
对象有 object_type == Basemesh,Object has object_type == Basemesh,
对象具有对象类型 Proxymesh 或 Proxymeshes。,Object has object_type Proxymesh or Proxymeshes.,
对象具有 object_type == Eyes。,Object has object_type == Eyes.,
对象具有 object_type Basemesh 或 Proxymesh。,Object has object_type Basemesh or Proxymesh.,
对象不是无并且具有 MESH 类型。,Object is not none and has type MESH.,
对象不是无，具有 MESH 类型并且具有有效的 object_type 设置。,"Object is not none, has type MESH and has a valid object_type set.",
对象不是无，具有 MESH 类型，并且具有列为网格资产的 object_type 集。,"Object is not none, has type MESH and has an object_type set which is listed as a mesh asset.",
对象不为无，并且具有有效的 object_type 设置。,Object is not none and has a valid object_type set.,
骨骼,Skeleton,
基础网格,Basemesh,
人类,Human,
临时最低点键。,temporary_lowest_point_key.,
衣服,clothes,
用于处理钻机、骨头和重物的服务。,"Service for working with rigs, bones and weights.",
这将创建指向骨架的骨架修改器，或更新现有的。,"This creates armature modifier(s) pointing to the armature, or updates existing.",
mhmask-保留卷,mhmask-preserve-volume,
mhmask-子系统,mhmask-subrig,
在姿势模式下，找到具有骨架对象给定名称的骨骼。,"Find a bone with the given name of the armature object, in pose mode.",
在编辑模式下，找到具有骨架对象给定名称的骨骼。,"Find a bone with the given name of the armature object, in edit mode.",
在姿势模式下，激活具有骨架对象给定名称的骨骼。,"Activate a bone with the given name of the armature object, in pose mode.",
清除并移除骨骼上的所有姿势模式骨骼约束。,Clear and remove all pose mode bone constraints from a bone.,
为骨骼添加姿势模式约束。,Add a pose mode constraint to a bone.,
骨骼形状球体,bone_shape_sphere,
骨头形状圆圈,bone_shape_circle,
骨骼形状箭头,bone_shape_arrow,
创建与 MHW 兼容的权重字典,Create a MHW-compatible weights dict,
列出装备中不存在但将由 Rigify 生成的变形骨骼。,"List deform bones that are not present in the rig, but will be generated by Rigify.",
根据给定的重量组名称集查找匹配的骨骼，并采用适当的后备。,"Find matching bones for the given set of weight group names, with appropriate fallbacks.",
返回要按顺序尝试加载重量的钻机类型列表。,Returns a list of rig types to try loading weights for in order.,
根,root,
系统和目录的各种功能,Various functionality for system and directories,
用于各种系统任务的实用函数。,Utility functions for various system tasks.,
您不应实例化 SystemService。请改用其静态方法。,You should not instance SystemService. Use its static methods instead.,
推断当前的系统平台（即操作系统）。,Deduces the current system platform (ie the operating system).,
打开指定路径的文件浏览器窗口。,Open a file browser window for the specified path.,
检查 Blender OBJ 导入器是否已安装。,Check if the Blender OBJ importer is installed.,
检查 Blender Rigify 插件是否已安装。,Check if the Blender Rigify addon is installed.,
将所有转义的反斜杠替换为正斜杠。,Replace all escaped backslashes with forward slashes.,
检查完整路径是否包含路径段。,Check if the full path contains the path segment.,
用于管理目标和形状键的模块。,Module for managing targets and shape keys.,
基础,Basis,
宏观细节/,macrodetails/,
宏细节/通用,macrodetails/universal,
宏细节/高度/,macrodetails/height/,
胸部/,breast/,
宏观细节/比例/,macrodetails/proportions/,
宏观细节-,macrodetail-,
该模块提供为手臂/手添加助手的功能。,This module provides functionality for adding helpers to arms/hands.,
获取与钻机类型匹配的实施实例。,Get an implementation instance matching the rig type.,
获取下臂最后一块骨骼名称的抽象方法，必须由装备特定的实现类覆盖。,"Abstract method for getting the name of the last bone in the lower arm, must be overriden by rig specific implementation classes.",
获取上臂最后一块骨骼名称的抽象方法，必须由装备特定的实现类覆盖。,"Abstract method for getting the name of the last bone in the upper arm, must be overriden by rig specific implementation classes.",
获取肩部最后一块骨骼名称的抽象方法，必须由装备特定的实现类覆盖。,"Abstract method for getting the name of the last bone in the shoulder, must be overriden by rig specific implementation classes.",
获取手部骨骼名称的抽象方法，必须由装备特定的实现类覆盖。,"Abstract method for getting the name of the hand bone, must be overriden by rig specific implementation classes.",
获取下臂骨骼数量的抽象方法，必须由装备特定的实现类覆盖。,"Abstract method for getting the number of bones in the lower arm, must be overriden by rig specific implementation classes.",
获取上臂骨骼数量的抽象方法，必须由装备特定的实现类覆盖。,"Abstract method for getting the number of bones in the upper arm, must be overriden by rig specific implementation classes.",
获取肩部骨骼数量的抽象方法，必须由装备特定的实现类覆盖。,"Abstract method for getting the number of bones in the shoulder, must be overriden by rig specific implementation classes.",
获取根骨骼名称的抽象方法，必须由装备特定的实现类覆盖。,"Abstract method for getting the name of the root bone, must be overriden by rig specific implementation classes.",
对下臂骨骼设置约束的抽象方法。,Abstract method for settings constraints for the bones in the lower arm.,
设置上臂骨骼约束的抽象方法。,Abstract method for settings constraints for the bones in the upper arm.,
设置肩部骨骼约束的抽象方法。,Abstract method for settings constraints for the bones in the shoulder.,
获取骨骼名称列表的抽象方法，从手腕开始向内工作。,"Abstract method for getting a list of bone names, starting from the wrist and working inwards.",
此模块包含默认装备的手臂辅助类实现,This module contains the default rig's implementation of the arm helpers class,
与默认装备和默认无脚趾装备相匹配的手臂助手的装备特定实现。,The rig specific implementation of arm helpers matching the Default and Default-no-toes rigs.,
此模块包含眼部辅助类的默认装备实现,This module contains the default rig's implementation of the eye helpers class,
与默认装备和默认无脚趾装备相匹配的眼睛助手的装备特定实现。,The rig specific implementation of eye helpers matching the Default and Default-no-toes rigs.,
该模块提供为眼睛添加辅助功能的功能。,This module provides functionality for adding helpers to eyes.,
获取头部骨骼名称的抽象方法，必须由装备特定的实现类覆盖。,"Abstract method for getting the name of the head bone, must be overriden by rig specific implementation classes.",
获取眼骨名称的抽象方法，必须由装备特定的实现类覆盖。,"Abstract method for getting the name of the eye bone, must be overriden by rig specific implementation classes.",
获取下眼睑骨骼名称的抽象方法，必须由装备特定的实现类覆盖。,"Abstract method for getting the name of the lower eyelid bone, must be overriden by rig specific implementation classes.",
获取上眼睑骨骼名称的抽象方法，必须由装备特定的实现类覆盖。,"Abstract method for getting the name of the upper eyelid bone, must be overriden by rig specific implementation classes.",
设置眼骨约束的抽象方法，必须由装备特定的实现类覆盖。,"Abstract method for setting constraints of the eye bone, must be overriden by rig specific implementation classes.",
此模块包含手指辅助类的默认装备实现,This module contains the default rig's implementation of the finger helpers class,
与默认装备和默认无脚趾装备相匹配的手指助手的装备特定实现。,The rig specific implementation of finger helpers matching the Default and Default-no-toes rigs.,
该模块提供为手指添加辅助功能的功能。,This module provides functionality for adding helpers to fingers.,
添加旋转,Add rotation,
获取手指最内层骨骼名称的抽象方法，必须由装备特定的实现类覆盖。,"Abstract method for getting the name of the innermost bone in a finger, must be overriden by rig specific implementation classes.",
获取指尖骨骼名称的抽象方法，必须由装备特定的实现类覆盖。,"Abstract method for getting the name of the finger tip bone, must be overriden by rig specific implementation classes.",
获取手指直属父级名称的抽象方法，必须由装备特定的实现类覆盖。,"Abstract method for getting the name of the immediate parent of a finger, must be overriden by rig specific implementation classes.",
获取手指骨骼数量的抽象方法，必须由装备特定的实现类覆盖。,"Abstract method for getting the number of bones in a finger, must be overriden by rig specific implementation classes.",
用于设置手指约束的抽象方法，必须由装备特定的实现类覆盖。,"Abstract method for setting constraints for a finger, must be overriden by rig specific implementation classes.",
从手指尖端开始获取骨骼列表的抽象方法，必须由装备特定的实现类覆盖。,"Abstract method for getting a list of bones from a finger starting from the tip, must be overriden by rig specific implementation classes.",
该模块包含默认钻机的特定钻机实现。,This module constains the rig specific implementation for the default rig.,
该模块提供为臀部/腿部/脚部添加辅助功能的功能。,This module provides functionality for adding helpers to hip/legs/feet.,
获取小腿最后一块骨骼名称的抽象方法，必须由装备特定的实现类覆盖。,"Abstract method for getting the name of the last bone in the lower leg, must be overriden by rig specific implementation classes.",
获取大腿最后一块骨骼名称的抽象方法，必须由装备特定的实现类覆盖。,"Abstract method for getting the name of the last bone in the upper leg, must be overriden by rig specific implementation classes.",
获取臀部最后一块骨骼名称的抽象方法，必须由装备特定的实现类覆盖。,"Abstract method for getting the name of the last bone in the hip, must be overriden by rig specific implementation classes.",
获取脚骨名称的抽象方法，必须由装备特定的实现类覆盖。,"Abstract method for getting the name of the foot bone, must be overriden by rig specific implementation classes.",
获取小腿骨骼数量的抽象方法，必须由装备特定的实现类覆盖。,"Abstract method for getting the number of bones in the lower leg, must be overriden by rig specific implementation classes.",
获取大腿骨骼数量的抽象方法，必须由装备特定的实现类覆盖。,"Abstract method for getting the number of bones in the upper leg, must be overriden by rig specific implementation classes.",
获取臀部骨骼数量的抽象方法，必须由装备特定的实现类覆盖。,"Abstract method for getting the number of bones in the hip, must be overriden by rig specific implementation classes.",
设置小腿约束的抽象方法，必须由装备特定的实现类覆盖。,"Abstract method for setting constraints for the lower leg, must be overriden by rig specific implementation classes.",
设置大腿约束的抽象方法，必须由装备特定的实现类覆盖。,"Abstract method for setting constraints for the upper leg, must be overriden by rig specific implementation classes.",
设置臀部约束的抽象方法，必须由装备特定的实现类覆盖。,"Abstract method for setting constraints for the hip, must be overriden by rig specific implementation classes.",
此模块包含游戏引擎装备的装备助手类的实现,This module contains the gameengine rig's implementation of the rigify helpers class,
与游戏引擎装备相匹配的装备助手的特定装备实现。,The rig specific implementation of rigify helpers matching the Game engine rig.,
组织机构-,ORG-,
DEF-,DEF-,
获取脚骨名称的抽象方法，必须由装备特定的实现类覆盖。,"Abstract method for getting the name of a foot bone, must be overriden by rig specific implementation classes.",
获取脊柱骨骼列表的抽象方法，必须由装备特定的实现类覆盖。,"Abstract method for getting a list of bones in the spine, must be overriden by rig specific implementation classes.",
获取手臂骨骼列表的抽象方法，必须由装备特定的实现类覆盖。,"Abstract method for getting a list of bones in an arm, must be overriden by rig specific implementation classes.",
获取腿部骨骼列表的抽象方法，必须由装备特定的实现类覆盖。,"Abstract method for getting a list of bones in a leg, must be overriden by rig specific implementation classes.",
获取肩部骨骼列表的抽象方法，必须由装备特定的实现类覆盖。,"Abstract method for getting a list of bones in a shoulder, must be overriden by rig specific implementation classes.",
获取头部骨骼列表的抽象方法，必须由装备特定的实现类覆盖。,"Abstract method for getting a list of bones in the head, must be overriden by rig specific implementation classes.",
获取手指骨骼列表的抽象方法，必须由装备特定的实现类覆盖。,"Abstract method for getting a list of bones in a finger, must be overriden by rig specific implementation classes.",
包含 UI 面板基类的文件,File containing the base class for UI panels,
人体建模面板。,Human modeling panel.,
摘要面板,Abstract panel,
这是资产库的根面板。,This is the root panel for the asset library.,
应用资产,Apply assets,
筛选,Filter,
创建资产,Create assets,
材料,Materials,
UI 操作符的抽象包装器,Abstract wrapper for UI operators,
UI 操作符的抽象包装器，为编写错误摘要提供帮助,"Abstract wrapper for UI operators, providing help for writing error summaries",
初始化操作符。通常不需要手动调用它。,Initialize the operator. You will normally not need to call this manually.,
生成错误信息哈希，提供有关错误和上下文状态的信息。,"Generate an error information hash, providing information about the error and the state of the context.",
新人类,New human,
运营,Operations,
管理预设,Manage presets,
索具,Rigging,
体系与资源,System and resources,
包含用于添加步行循环的弃用 UI 的文件,File containing deprecated UI for adding a walk cycle,
已弃用添加/设置步行循环的功能,Deprecated functionality for adding/setting walk cycle,
添加步行循环,Add walk cycle,
已弃用，赞成,DEPRECATED in favor of,
mixamo 功能,mixamo functionality,
（但从来没有奏效,(and it never worked,
尤其擅长,particularly well in,
第一名,the first place),
该模块提供添加步行循环的功能。,This module provides functionality adding walk cycles.,
从 json 加载步行周期,Load walk cycle from json,
负载行走循环,Load walk cycle,
用于添加步行循环的操作符。,Operators for adding walk cycles.,
包含用于建模人类的主要 UI 的文件,File containing main UI for modeling humans,
添加/设置装备摆设的功能,Functionality for adding/setting rig,
添加装备,Add rig,
该模块提供添加钻机的功能。,This module provides functionality adding rigs.,
用于添加装备钻机的操作员。,Operator for adding a rigify rig.,
添加装备,Add a rigify rig,
添加装备,Add rigify rig,
用于添加标准钻机的操作员。,Operator for adding a standard rig.,
添加标准（非装备）装备,Add a standard (non-rigify) rig,
添加标准装备,Add standard rig,
用于生成装备绑定的操作符。,Operator for Generating a rigify rig.,
从元装备生成装备,Generate a rigify rig from a meta-rig,
产生,Generate,
添加钻机的操作员。,Operators for adding rigs.,
动画片,Animation,
选择两个 mixamo 电枢,Select two mixamo armatures,
仅支持 mixamo 骨架,Only mixamo armatures supported,
来源：%s,Source: %s,
目的地：%s,Dest: %s,
通过添加 fcurve 修改器使动画循环。警告：如果动画已经有 fcurve 修改器，则此操作将不起作用。,Make animation cyclic by adding fcurve modifiers. WARNING: This will not work if the animation already has fcurve modifiers.,
使循环,Make cyclic,
将动画捕捉到 Mixamo 装备的功能,Functionality for snapping animation to mixamo rig,
为目标装备中的所有 mixamo 骨骼添加骨骼约束，使它们复制源装备中骨骼的位置和旋转,"Add bone constraints to all mixamo bones in the target rig, making them copy the location and rotation of the bones in the source rig",
对齐到 mixamo,Snap to mixamo,
为 mixamo 创建上传副本的功能。,Functionality for creating an upload copy for mixamo.,
创建角色的缩小副本。副本将移除所有衣服和身体部位，删除辅助几何体并烘焙所有形状键,"Create a reduced copy of the character. The copy will have all clothes and body parts removed, the the helper geometry deleted and all shape keys baked",
Mixamo 缩小娃娃,Mixamo reduced doll,
警告：这只是实验性的。通过复制关键帧来重复动画，可以选择给定偏移量和距离偏移。请注意，如果您只想让动画循环播放，那么这可能有点过头了,"WARNING: THIS IS RATHER EXPERIMENTAL. Repeat an animation by copying its keyframes, optionally with given offsets and distance shifts. Note that if all you want is to make an animation cyclic, this is probably overkill",
重复动画,Repeat animation,
加载姿势,Load pose,
加载部分姿势匹配装备类型,Load partial pose matching rig type,
加载部分姿势,Load partial pose,
加载姿势匹配装备类型和模式,Load pose matching rig type and mode,
该文件包含替代材料面板。,This file contains the alternative material panel.,
选定资产的替代材料。,Alternative materials for selected assets.,
替代材料,Alternative materials,
选择网格对象,Select a mesh object,
仅支持 MH 对象,Only MH objects supported,
仅限衣服和身体部位,Only clothes and bodyparts,
支持,supported,
资产库子面板,Asset library subpanels,
资源库面板,Asset library panel,
应该被推翻,SHOULD BE OVERRIDDEN,
没有匹配的资产。,No matching assets.,
也许要换个过滤器？,Maybe change filter?,
该文件包含资产设置面板。,This file contains the asset settings panel.,
加载资产文件的设置。,Settings for loading asset files.,
库设置,Library Settings,
衣服、身体部位和代理,"Clothes, Bodyparts & Proxies",
皮肤,Skin,
眼睛,Eyes,
安装资产,Install assets,
该模块包含从库加载资产的功能。,This module contains functionality for loading assets from the library.,
用于导入自定义目标的操作符。,Operator for importing a custom target.,
安装自定义目标,Install custom target,
从资产库导入MHCLO服装的操作符。,Operator for importing MHCLO clothes from asset library.,
从资产库加载 MHCLO,Load MHCLO from asset library,
加载,Load,
文件路径,filepath,
资产的完整路径,Full path to asset,
对象类型,object_type,
对象的类型,type of the object,
材质类型,material_type,
材料类型,type of material,
装载替代物料的操作员,Operator for loading an alternative material,
用选定的替代材料替换当前材料,Replace the current material with the selected alternative material,
从资产库导入PROXY的操作符。,Operator for importing PROXY from asset library.,
从资产库加载PROXY,Load PROXY from asset library,
从资产库导入 MHCLO 皮肤的操作符。,Operator for importing MHCLO skin from asset library.,
从资源库加载皮肤 MHMAT,Load skin MHMAT from asset library,
用于导入资产包的操作符。,Operator for importing an asset pack.,
从 zip 文件加载包,Load pack from zip file,
负责卸载先前装备的 mhclo 资产的操作员。,Operator for unloading previously equipped mhclo assets.,
取消装备之前已加载的 mhclo 资产,Unequip mhclo asset that has been previously loaded,
解除装备,Unequip,
资源源片段,Asset source fragment,
资产库操作符,Operators for asset library,
添加校正平滑修改器。,Add a corrective smooth modifier.,
添加修正平滑,Add Corrective Smooth,
mhmask-无平滑,mhmask-no-smooth,
将所有形状键烘焙到最终网格中。警告：执行此操作后，您将无法再调整目标,Bake all shape keys into a final mesh. WARNING: You will no longer be able to adjust targets after doing this,
烘焙形状键,Bake shapekeys,
删除所有辅助几何体。这还将删除用于隐藏辅助的遮罩操作符。警告：执行此操作后，您将无法装备许多衣服,Delete all helper geometry. This will also delete the mask operator for hiding helpers. WARNING: You will not be able to equip many clothes after doing this,
删除助手,Delete helpers,
MPFB 骨骼策略,MPFB Bone Strategies,
骨,bone,
联合的,Joint,
顶点,Vertex,
意思是,Mean,
XYZ,XYZ,
没有匹配,No match,
未知,Unknown,
没有顶点,No vertices,
更改为：,Change to:,
抵消：,Offset:,
根据策略重新计算骨头或尾部位置的操作符。,Operator for recomputing bone head or tail position from strategy.,
从与该骨骼接触的相邻骨骼复制策略。不会替换锁定的策略，除非其他骨骼的策略也被锁定,"Copy strategies from adjacent bones that touch ends with this one. Will not replace locked strategies, unless the other bone's strategy is also locked",
复制连接策略,Copy Connected Strategies,
根据策略重新计算骨骼末端位置,Recompute bone end position from strategy,
重新应用策略,Reapply Strategy,
尾巴,Tail,
将选定顶点保存到策略,Save selected vertices to strategy,
保存顶点,Save Vertices,
转变,Switch,
节省,Save,
指数,Index,
用于根据骨骼位置策略重新计算骨骼头部或尾部偏移的操作符。,Operator for recomputing bone head or tail offset from bone position strategy.,
根据结束位置和策略结果之间的差异设置骨骼结束偏移,Set bone end offset from the difference between end position and strategy result,
设置骨骼末端偏移,Set Bone End Offset,
设置骨骼结束策略,Set bone end strategy,
设置骨骼结束策略,Set Bone End Strategy,
战略,Strategy,
设置滚动策略,Set roll strategy,
设置滚动策略,Set Roll Strategy,
切换到网格并选择策略顶点,Switch to mesh and select strategy vertices,
显示策略顶点,Show Strategy Vertices,
选择,Select,
切换到网格,Switch to the mesh,
该文件包含开发人员面板。,This file contains the developer panel.,
为了强制重新加载可用的记录器。其实这没有必要。,In order to force a reload of the available loggers. This shouldn't really be needed.,
各种开发人员功能的 UI。,UI for various developer functions.,
开发人员,Developer,
使用组合日志的默认值,Use default for combined log,
请参阅测试目录中的 README,See README in test dir,
该文件包含节点编辑器的开发人员面板。,This file contains the developer panel for the node editor.,
各种节点开发人员功能的 UI。,UI for various node developer functions.,
节点开发人员,Node developer,
该模块包含各种开发人员所需的功能。,This module contains functionality for various developer stuff.,
设置 v2 节点组的功能,Functionality for setting up v2 node groups,
确保 v2 节点组存在。,Ensure v2 node groups exist.,
创建群组,Create groups,
删除所有 MPFB 节点组的功能,Functionality for removing all MPFB node groups,
删除所有以 mpfb 开头的组,Remove all groups starting with mpfb,
摧毁团体,Destroy Groups,
导出日志文件的功能,Functionality for exporting log files,
将日志导出到文件,Export log to file,
导出日志,Export log,
列出日志级别的功能,Functionality for listing log levels,
将日志级别列到控制台,List log levels to the console,
列出日志级别,List log levels,
从 json 加载节点树,Load node tree from json,
加载节点,Load nodes,
根据 json 中的定义加载装备,Load rig from definition in json,
装载机,Load rig,
从 json 中的定义加载权重。请注意，基础网格必须将相关装备作为父级才能正常工作,Load weights from definition in json. NOTE that the base mesh must have the rig in question as a parent for this to work,
负载重量,Load weights,
使用 v2 皮肤替换节点树的功能,Functionality for replacing a node tree with v2 skin,
擦除当前节点树并插入 v2 皮肤材质,Wipe current node tree and insert v2 skin material,
重置日志级别的功能,Functionality for resetting log levels,
将日志级别重置为默认值。这将删除所有日志级别覆盖,Reset log levels to the default. This will remove all log level overrides,
重置日志级别,Reset log levels,
重建阴影节点类型 v2 模型的功能。,Functionality for reconstructing the shade node type v2 model.,
警告：这是一个代码生成实用程序，将覆盖插件目录中的相应源代码文件。仅当您知道自己在做什么时才使用。,WARNING: this is a code generation utility and will overwrite corresponding source code files in the addon directory. Only use if you know what you are doing.,
重写节点类型,Rewrite node types,
将节点树保存为 json,Save node tree as json,
保存节点,Save nodes,
将装备定义保存为 json,Save rig definition as json,
保存装备,Save rig,
将权重保存为 json,Save weights as json,
保存权重,Save weights,
设置日志级别的功能,Functionality for setting log levels,
为某个频道设置日志级别覆盖。如果选择了“默认”频道,"""Set a log level override for a channel. If the \""default\"" channel is selected"," set the default log level"""
设置日志级别,Set log level,
运行单元测试的功能。使用前请参阅测试目录中的 README。,Functionality for running unit tests. See README in the test directory before using this.,
运行单元测试。查看控制台输出以了解结果,Run unit tests. See console output for results,
运行单元测试,Run unit tests,
将节点组写入 v2 模型复合目录的功能,Functionality for writing a node group to v2 model composite directory,
将代表选定节点组的代码生成到复合目录中,Generate the code representing a selected node group to the composite directory,
写复合,Write composite,
将节点树写入 v2 模型材质目录的功能,Functionality for writing a node tree to v2 model material directory,
生成代表材料的代码到材料目录,Generate the code representing a material to the materials directory,
写材料,Write material,
开发人员操作符,Operators for developer stuff,
该文件包含目录资源面板。,This file contains the dir resources panel.,
用于打开目录链接的 UI。,UI for opening dir links.,
目录,Directories,
该模块包含加载衣服的功能。,This module contains functionality for loading clothes.,
打开目录浏览器的操作符,Operator for opening dir browser,
打开目录浏览器,Open dir browser,
打开,Open,
小路,path,
打开的路径,Path to open,
打开 URL 的操作符,Operators for opening urls,
皮肤材质预设,Skin material presets,
这将加载上面下拉菜单中选择的增强材质设置，并使用这些设置来更新所选对象上的材质,"This will load the enhanced material setting selected in the dropdown above, and use these to update the materials on the selected object",
应用选定的预设,Apply selected presets,
这将使用选定对象材质的值覆盖选定的增强材质设置,"This will overwrite the selected enhanced material settings, using values from the selected object's material",
覆盖设置,Overwrite settings,
这将使用来自上方文本字段的名称保存新的增强材质设置，并使用来自所选对象材质的值,"This will save new enhanced material settings with a name from the text field above, using values from the selected object's material",
保存新设置,Save new settings,
该文件提供了用于保存/加载眼睛材质设置的UI,This file provides UI for saving/loading eye material settings,
用于保存/加载眼睛材质设置的面板。,Panel for saving/loading eye material settings.,
眼睛材质预设,Eye material presets,
该模块提供了用于保存/加载眼睛材质设置的UI,This module provides UI for saving/loading eye material settings,
用于加载和应用眼部材料设置的操作符。,Operator for loading and applying eye material settings.,
这将加载上面下拉菜单中选择的眼睛材质设置，并使用这些设置来更新所选对象上的材质,"This will load the eye material setting selected in the dropdown above, and use these to update the materials on the selected object",
用于覆盖现有眼部材料设置的操作符。,Operator for overwriting existing eye material settings.,
这将使用选定对象材质的值覆盖选定的眼睛材质设置,"This will overwrite the selected eye material settings, using values from the selected object's material",
用于保存新眼部材料设置的操作器。,Operator for saving new eye material settings.,
这将使用来自上方文本字段的名称保存新的眼睛材质设置，使用来自所选对象材质的值,"This will save new eye material settings with a name from the text field above, using values from the selected object's material",
具有实际写入眼睛材质设置的功能的模块。,Module with function for actually writing eye material settings.,
用于保存/加载眼部材料设置的操作符,Operators for saving/loading eye material settings,
人性化预设,Human presets,
这将使用所选对象的值覆盖所选的人类预设,"This will overwrite the selected human presets, using values from the selected object",
覆盖预设,Overwrite presets,
这将保存新的人类预设,This will save new human preset,
保存新预设,Save new presets,
来自 MakeHuman,From MakeHuman,
从 MakeHuman 导入人类,Import human from MakeHuman,
进口人力,Import human,
导入器预设,Importer Presets,
这将加载上面下拉菜单中选择的导入器预设，并使用这些预设填充下面的字段,"This will load the importer presets selected in the dropdown above, and use these presets to populate the fields below",
加载选定的预设,Load selected presets,
这将使用下面字段中的值覆盖上面下拉菜单中选择的导入器预设,"This will overwrite the importer presets selected in the dropdown above, using values from the fields below",
覆盖选定的预设,Overwrite selected presets,
这将使用上面文本字段中的名称以及下面字段中的值来保存新的导入器预设,"This will save new importer presets with a name from the text field above, using values from the fields below",
保存新的导入器预设,Save new importer presets,
该文件包含加载衣服面板。,This file contains the load clothes panel.,
用于加载 MHCLO 文件的 UI。,UI for loading MHCLO files.,
加载MHCLO,Load MHCLO,
负责进口MHCLO服装的运营商。,Operator for importing MHCLO clothes.,
从 MHCLO 文件加载衣服,Load clothes from MHCLO file,
从文件加载衣服,Load clothes from file,
装载衣物的操作员,Operators for loading clothes,
包含 makeclothes 主 UI 的文件,File containing main UI for makeclothes,
MakeClothes 主面板。,MakeClothes main panel.,
做衣服,MakeClothes,
警告：MakeClothes 有,WARNING: MakeClothes has,
尚未移植。,not been ported yet.,
仅衣物提取有效。,Only clothes extraction works.,
要制作衣服，请使用,"TO CREATE CLOTHES, USE THE",
独立版本,STANDALONE VERSION OF,
现在就做衣服,MAKECLOTHES FOR NOW,
该模块提供了创建 makehuman 服装的功能。,This module provides functionality for creating makehuman clothes.,
用于从基础网格助手创建模板衣服的操作符。,Operator for creating template clothes from base mesh helpers.,
从基础网格助手中提取衣服,Extract clothes from base mesh helpers,
提取衣服,Extract clothes,
用于将网格设置为衣服的操作符。,Operator for setting mesh as clothes.,
将网格类型设置为衣服,Set mesh type to clothes,
标记为衣服,Mark as clothes,
用于写入 MHCLO 文件的操作符。,Operator for writing a MHCLO file.,
出口衣服到MHCLO/OBJ,Export clothes to MHCLO/OBJ,
写衣服,Write clothes,
文件路径,File Path,
用于导出文件的文件路径,Filepath used for exporting the file,
MakeClothes 的操作员。,Operators for MakeClothes.,
包含 makepose 主 UI 的文件,File containing main UI for makepose,
MakePose 主面板。,MakePose main panel.,
摆姿势,MakePose,
该模块提供了创建人类姿势的功能。,This module provides functionality for creating makehuman poses.,
从 json 加载动画,Load animation from json,
加载动画,Load animation,
将动画保存为 json,Save animation as json,
保存动画,Save animation,
将姿势保存为 json,Save pose as json,
保存姿势,Save pose,
MakePose 的操作符。,Operators for MakePose.,
包含 makerig 骨骼 UI 的文件,File containing bones UI for makerig,
MakeRig 骨骼面板。,MakeRig bones panel.,
管理骨骼,Manage bones,
需要电枢处于活动状态,Need armature as active,
选择基础网格,Select basemesh too,
仅限编辑模式,Edit mode only,
只选择一根骨骼,Select exactly one bone,
包含 makerig 主 UI 的文件,File containing main UI for makerig,
MakeRig 主面板。,MakeRig main panel.,
制作装备,MakeRig,
包含 makerig 权重 UI 的文件,File containing weights UI for makerig,
MakeRig 重量面板。,MakeRig weights panel.,
管理体重,Manage weights,
选择 2 个骨架,Select 2 armatures,
电枢必须是活动物体,Armature must be active object,
骨架必须有基础网格子项,Armature must have basemesh child,
SRC 钻机：,"SRC rig: ",
DST 装备：,"DST rig: ",
该模块提供了创建 makehuman 装备的功能。,This module provides functionality for creating makehuman rigs.,
将权重从一个网格转移到另一个网格的功能,Functionality for transfering weights from one mesh to another,
转移占据相同位置的骨骼的权重,Transfer weights for bones which occupy the same location,
自动转移重量,Auto transfer weights,
调整编辑骨骼位置的功能,Functionality for adjusting location of edit bone,
将头部和尾部移至关节立方体的中心,Move head and tail to center of joint cubes,
移至立方体,Move to cubes,
MakeRig 的操作员。,Operators for MakeRig.,
包含 makekin 主 UI 的文件,File containing main UI for makeskin,
MakeSkin 主面板。,MakeSkin main panel.,
美肤,MakeSkin,
该模块提供了创建 makehuman 材料的功能。,This module provides functionality for creating makehuman materials.,
用于创建模板 MakeSkin 材质的操作符。,Operator for creating a template MakeSkin material.,
创建模板材料,Create template material,
创建材料,Create material,
用于导入 MHMAT 材料的操作员。,Operator for importing MHMAT material.,
导入 MHMAT,Import MHMAT,
进口材料,Import material,
用于写入 MHMAT 文件的操作符。,Operator for writing a MHMAT file.,
将素材写入皮肤库,Write material to skin library,
存放在图书馆,Store in library,
将材料写入 MHMAT 文件,Write material to MHMAT file,
另存为 MHMAT,Save as MHMAT,
MakeSkin 的操作符。,Operators for MakeSkin.,
包含 maketarget 主 UI 的文件,File containing main UI for maketarget,
MakeTarget 主面板。,MakeTarget main panel.,
制定目标,MakeTarget,
该模块提供创建 makehuman 目标的功能。,This module provides functionality for creating makehuman targets.,
用于创建模板 MakeTarget 目标的操作符。,Operator for creating a template MakeTarget target.,
创建主要目标,Create primary target,
创建目标,Create target,
用于导入 MHMAT 目标的运算符。,Operator for importing MHMAT target.,
导入代理特定目标,Import proxy-specific target,
导入目标,Import target,
将目标数据转储到控制台,Dump target data to console,
打印目标,Print target,
将左侧作为右侧的镜像副本的操作符。,Operator for making left side a mirrored copy of right side.,
通过取模型的右侧进行对称化，并将其镜像复制到左侧,Symmetrize by taking the right side of the model and copy it mirrored to the left side,
将 -x 复制到 +x,Copy -x to +x,
将右侧作为左侧的镜像副本的操作符。,Operator for making right side a mirrored copy of left side.,
通过取模型左侧的对称性并将其镜像复制到右侧,Symmetrize by taking the left side of the model and copy it mirrored to the right side,
将 +x 复制到 -x,Copy +x to -x,
将代理特定目标写入 ptarget 文件,Write proxy-specific target to ptarget file,
保存代理特定目标,Save proxy-specific target,
将目标写入目标文件。为此，您必须首先在网格上创建一个主要目标,"Write target to target file. In order to do this, you must first have created a primary target on the mesh",
保存目标,Save target,
MakeTarget 的运算符。,Operators for MakeTarget.,
包含 makeweight 主 UI 的文件,File containing main UI for makeweight,
MakeWeight 主面板。,MakeWeight main panel.,
重量,MakeWeight,
该模块提供了创建 makehuman 权重的功能。,This module provides functionality for creating makehuman weights.,
用于导入 MHMAT 重量的运算符。,Operator for importing MHMAT weight.,
从 json 导入权重,Import weights from json,
导入权重,Import weights,
将权重保存到权重文件,Save weights to weight file,
通过找到所有右侧骨骼组并将其权重复制到相应的左侧骨骼组来实现对称,Symmetrize by finding all right-side bone groups and copying their weights to the corresponding left-side bone groups,
从右到左复制,Copy right to left,
通过找到所有左侧骨骼组并将其权重复制到相应的右侧骨骼组来实现对称,Symmetrize by finding all left-side bone groups and copying their weights to the corresponding right-side bone groups,
从左到右复制,Copy left to right,
从顶点组中删除权重信息的操作符。,Operator for removing weight info from a vertex group.,
从选定的顶点组中删除所有权重信息,Wipe all weight information from the selected vertex group,
截短,Truncate,
MakeWeight 的操作符。,Operators for MakeWeight.,
材料,Material,
擦除所有当前材质并在选定对象上添加 v2 皮肤材质,Wipe all current materials and add a v2 skin material on the selected object,
创建 v2 皮肤,Create v2 skin,
法线贴图纹理,NormalmapTexture,
用于在材质中设置法线贴图的操作符。,Operator for setting a normal map in a material.,
通过更改法线贴图或向其添加法线贴图来调整材质,Adjust material by changing its normalmap or adding a normalmap to it,
设置法线贴图,Set normalmap,
模型,Model,
用于人体建模的宏子面板,Macro subpanel for modeling humans,
人体宏观建模面板。,Human macro modeling panel.,
表型,phenotype,
建模面板的图标,Icons for the modeling panels,
用于建模人类的目标子面板,Target subpanels for modeling humans,
人体建模面板,Human modeling panel,
-,-,
左边：,Left:,
正确的：,Right:,
价值：,Value:,
“此修饰符不是对立目标的组合（\“decr-incr\”,"""This modifier is not a combination of opposing targets (\""decr-incr\"""," \""in-out\""...)"""
r-,r-,
升,l-,
“此修饰符是相反目标的组合（“decr-incr”,"""This modifier is a combination of opposing targets (\""decr-incr\"""," \""in-out\""...)"""
设定目标值,Set target value,
该模块提供人类建模的功能。,This module provides functionality for modeling humans.,
用于修剪形状键的操作符。,Operator for pruning shapekeys.,
删除所有权重小于 0.0001 的形状键,Remove all shape keys with a weight of < 0.0001,
修剪形状键,Prune shapekeys,
操作员负责改装人类。,Operator for refitting a human.,
将衣服、身体部位、代理和装备重新安装到基础网格上。如果您在添加这些资产后更改了建模滑块，则需要这样做,"Refit clothes, bodyparts, proxy and rig to the basemesh. This is needed if you have changed modeling sliders after having added such assets",
将资产重新调整至基础网格,Refit assets to basemesh,
用于建模的运算符。,Operators for modeling.,
包含根据预设创建人类的主要 UI 的文件,File containing main UI for creating humans from presets,
从预设的主面板创建人类。,Create human from preset main panel.,
从预设,From presets,
包含用于创建新人类的主 UI 的文件,File containing main UI for creating new humans,
从头开始创建人类主面板。,Create human from scratch main panel.,
从零开始,From scratch,
该模块提供创建新人类的功能。,This module provides functionality for creating new humans.,
用于创建新人类对象的操作符。,Operator for creating a new human object.,
创造一个新的人类,Create a new human,
創造人性,Create human,
根据预设创建新人体对象的操作符。,Operator for creating a new human object from presets.,
从 MHM 创建新人类,Create a new human from MHM,
导入 MHM,Import MHM,
根据预设创建新人类,Create a new human from presets,
人类。,human.,
新人类的操作员。,Operators for new human.,
姿势,Poses,
将姿势应用为静止姿势并处理子网格的后果的操作符。,Operator for applying a pose as rest pose and handle the consequences for child meshes.,
将姿势应用为静止姿势。警告：这也会烘焙所有形状键，并使进一步建模变得不可能,Apply pose as rest pose. WARNING: This will also bake all shape keys and make it impossible to do further modeling,
应用为休息姿势,Apply as rest pose,
用于将姿势从源装备复制到多个目标装备的操作符。,Operator for copying a pose from a source rig to a number of target rigs.,
将姿势从活动复制到选定。即，首先选择所有目标，然后选择源。您可以同时复制到多个目标,"Copy pose from active to selected. Ie, first select all targets, then select the source. You can copy to multiple targets at the same time",
复制姿势,Copy pose,
钻机助手,Rig helpers,
这会将所有选定的辅助对象添加到活动骨架中,This will add all selected helpers to the active armature,
添加助手,Add helpers,
这将从活动骨架中移除所有辅助对象,This will remove all helpers from the active armature,
删除助手,Remove helpers,
这是转换为装备功能的 UI。,This is the UI for the convert to rigify functionality.,
rigfy 功能面板。,The rigfy functionality panel.,
转换为装备,Convert to rigify,
将装备转换为装备,Convert rig to rigify,
装备,Rigify,
设置雕刻,Set up for sculpt,
将所有形状键烘焙到最终网格中，并选择性地执行适合启动雕刻项目的其他操作。警告：执行此操作后，您将无法再调整目标,Bake all shape keys into a final mesh and optionally perform other operations suitable for starting a sculpt project. WARNING: You will no longer be able to adjust targets after doing this,
设置雕刻网格,Set up mesh for sculpt,
烘焙对象（烘焙时选择第二个）,Object to bake to (select second when baking),
要雕刻的物体（烘焙时首先选择）,Object to sculpt (select first when baking),
雕刻法线贴图,Sculpt normal map,
该文件包含网络资源面板。,This file contains the web resources panel.,
用于打开网络链接的 UI。,UI for opening web links.,
Web 资源,Web resources,
用于打开网络浏览器的操作员,Operator for opening web browser,
打开网络浏览器,Open web browser,
网址,url,
开通地址,Address to open,
