"当设置了 use_print_traces 时打印处理的异常详细信息","Print handled exception details when use_print_traces is set"
"如果详细为真，则打印出详细的日志消息。","Print out a verbose logging message if verbose is true."
"所有 API 调用均指向基本 URL。","All API calls to base url."
"所有 api 调用的结果，解码为 json 格式。","Result of all api calls, decoded into json format."
"创建工作目录并下载新文件","Create a working directory and download the new files"
"在更新之前保存当前安装的插件的备份。","Save a backup of the current installed addon prior to an update."
"恢复上次备份的插件版本，仅用户启动","Restore the last backed up addon version, user initiated only"
"解压下载的文件并验证内容","Unzip the downloaded file, and validate contents"
"将文件夹“合并”到“基础”而不删除现有的","Merge folder 'merger' into 'base' without deleting existing"
"自定义 urlretrieve 实现","Custom urlretrieve implementation"
"调用后台线程运行检查","Called for running check in a background thread"
"指定要更新的标签名称和 URL","Assign the tag name and url to update to"
"加载或初始化更新程序状态的 JSON 字典数据","Load or initialize JSON dictionary data for updater state"
"触发将当前 json 结构保存到插件内的文件中","Trigger save of current json structure into file within addon"
"启动后台线程来检查更新","Start a background thread which will check for updates"
"执行更新检查，作为后台线程的目标运行","Perform update check, run as target of background thread"
"集成 Bitbucket API 以用于 git 格式的存储库","Integration to Bitbucket API for git-formatted repositories"
"比特桶","bitbucket"
"与 Github API 集成","Integration to Github API"
"github","github"
"与 GitLab API 集成","Integration to GitLab API"
"GitLab","gitlab"
"更新程序对象的虚假的、最少的字段和功能。","Fake, bare minimum fields and functions for the updater object."
"向字段添加注释属性以避免 Blender 2.8+ 警告","Add annotation attribute to fields to avoid Blender 2.8+ warnings"
"blender2.8 前后拆分UI功能的中间方法","Intermediate method for pre and post blender 2.8 split UI function"
"检查并安装更新（如果有）","Check and install update if available"
"更新 {x} 插件","Update {x} addon"
"弹出窗口检查并显示当前可用的更新","Popup to check and display current updates available"
"全新安装","Clean install"
"流程更新","Process update"
"决定安装、忽略或推迟新的插件更新","Decide to install, ignore, or defer new addon update"
"更新程序模块错误","Updater module error"
"更新{}已准备就绪！","Update {} ready!"
"选择","Choose "
"或点击窗口外以推迟","or click outside window to defer"
"没有可用更新","No updates available"
"按“确定”关闭对话框","Press okay to dismiss dialog"
"现在检查更新吗？","Check for update now?"
"刷新分支","Refresh branches"
"刷新开发分支","Refresh development branches"
"检查更新","Check for update"
"刷新开发发布分支","Refresh development releases branches"
"立即检查 {} 插件的更新","Check now for an update to the {} addon"
"更新","Update "
"更新至 {x} 插件的最新版本","Update to the latest version of the {x} addon"
"安装 {x} 插件的目标版本","Install a targeted version of the {x} addon"
"要安装的目标版本","Target version to install"
"选择要安装的版本","Select the version to install"
"更新程序错误","Updater error"
"选择安装版本","Select install version"
"安装新分支","Install new branch"
"您是否要安装分支","Do you want to install branch "
"作为后备方案，指导用户手动下载插件","As a fallback, direct the user to download the addon manually"
"手动安装更新","Install update manually"
"继续手动安装更新","Proceed to manually install update"
"发生了错误","Error Occurred"
"尝试自动安装时出现问题","There was an issue trying to auto-install"
"按下方的下载按钮并安装","Press the download button below and install"
"该 zip 文件就像一个普通的插件。","the zip file like a normal addon."
"手动安装插件","Install the addon manually"
"直接下载","Direct download"
"（无法检索直接下载）","(failed to retrieve direct download)"
"打开网站","Open website"
"请访问源网站下载更新","See source website to download the update"
"插件到位，弹出窗口告诉用户它已完成或出了什么问题","Addon in place, popup telling user it completed or what went wrong"
"安装报告","Installation Report"
"更新安装响应","Update installation response"
"发生错误，未安装","Error occurred, did not install"
"点击下载手册。","Click for manual download."
"插件已恢复","Addon restored"
"重新启动搅拌机以重新加载","Restart blender to reload"
"插件安装成功","Addon successfully installed"
"考虑重新启动搅拌机以完全重新加载。","Consider restarting blender to fully reload."
"从备份恢复插件","Restore addon from backup"
"恢复备份","Restore backup"
"忽略更新以防止将来弹出窗口","Ignore update to prevent future popups"
"忽略更新","Ignore update"
"停止在后台检查更新","Stop checking for update in the background"
"结束背景调查","End background check"
"更改分支","Change branch"
"更改活动分支","Change active branch"
"请这样做","Please do "
"您需要启用","You need to enable "
"您需要能够访问互联网才能使用更改分支！","You need to be able to access internet to use be able to change branch!"
"等待更新","Pending Update"
"传入更新器，后台线程更新器","Passed into the updater, background thread updater"
"异步线程完成后重新绘制 UI","Redraw the ui once an async thread has completed"
"可以放置在其他操作员面前，按下后即可启动","Can be placed in front of other operators to launch when pressed"
"重启搅拌机","Restart blender"
"完成更新","to complete update"
"更新准备就绪！","Update ready!"
"忽略","Ignore"
"更新","Update"
"手动安装","Install manually"
"立即获取","Get it now"
"初始化更新程序代码时出错：","Error initializing updater code:"
"获取更新程序偏好设置时出错","Error getting updater preferences"
"更新程序设置","Updater Settings"
"重启搅拌机以完成更新","Restart blender to complete update"
"检查...","Checking..."
"立即更新至","Update now to "
"插件已更新","Addon is up to date"
"分支","Branch"
"安装{} / 旧版本","Install {} / old version"
"安装插件","Install addon"
"恢复插件备份 ({})","Restore addon backup ({})"
"上次更新检查：","Last update check: "
"上次更新检查：从不","Last update check: Never"
"在此模块中注册操作员","Registering the operators in this module"
"__TEMP","__TEMP"
"非彩色","Non-Color"
"__TEMP1","__TEMP1"
"转移部分层 UV","Transfer Some Layer UV"
"通过烘焙将一些层/掩模 UV 转移到其他 UV（这将需要相当长的时间才能完成）","Transfer some layers/masks UV by baking it to other uv (this will take quite some time to finish)"
"烘焙样品","Bake Samples"
"烘焙样本越多，生成的纹理锯齿越少","Bake Samples, more means less jagged on generated textures"
"烘烤余量","Bake Margin"
"烘焙边距（以像素为单位）","Bake margin in pixels"
"保证金类型","Margin Type"
"从 UV 删除","Delete From UV"
"消除","Remove "
"重新排序 UV","Reorder UV"
"重新排序","Reorder "
"来自紫外线：","From UV:"
"至紫外线：","To UV:"
"样品：","Samples:"
"利润：","Margin:"
"转移层UV","Transfer Layer UV"
"通过烘焙将层 UV 转移到其他 UV（这将需要相当长的时间才能完成）","Transfer Layer UV by baking it to other uv (this will take quite some time to finish)"
"目标紫外线：","Target UV:"
"调整图像图层/蒙版的大小","Resize Image Layer/Mask"
"调整图层或蒙版图像的大小","Resize image of layer or mask"
"宽度","Width"
"高度","Height"
"烘焙样本，越多意味着生成的图像锯齿越少","Bake Samples, more means less jagged on generated image"
"调整所有图块的大小","Resize All Tiles"
"调整所有图块的大小","Resize all tiles"
"瓷砖数量","Tile Number"
"将调整大小的图块编号","Tile number that will be resized"
"宽度：","Width:"
"高度：","Height:"
"瓷砖编号：","Tile Number:"
"将通道烘焙到顶点颜色","Bake Channel to Vertex Color"
"将通道烘焙到顶点颜色","Bake channel to vertex color"
"烘烤所有材料","Bake All Materials"
"使用 ucupaint 节点烘焙所有材质，而不仅仅是活动节点","Bake all materials with ucupaint nodes rather than just the active one"
"目标顶点颜色名称","Target Vertex Color Name"
"目标顶点颜色名称，如果没有，则会创建一个","Target vertex color name, it will create one if it doesn"
"添加发射","Add Emission"
"使用发射通道添加结果","Add the result with Emission Channel"
"排放倍增器","Emission Multiplier"
"排放乘数，使排放在结果上更加明显","Emission multiplier so the emission can be more visible on the result"
"力量优先指数","Force First Index"
"强制目标顶点颜色位于顶点颜色列表的第一个位置（对于导出很有用）","Force target vertex color to be first on the vertex colors list (useful for exporting)"
"包括 Alpha","Include Alpha"
"将通道 alpha 烘焙至结果（需要通道启用 alpha）","Bake channel alpha to result (need channel enable alpha)"
"仅烘焙到 Alpha","Bake To Alpha Only"
"将价值融入 alpha","Bake value into the alpha"
"烘焙","Baked "
"目标顶点颜色：","Target Vertex Color:"
"添加发射：","Add Emission:"
"排放乘数：","Emission Multiplier:"
"包括 Alpha：","Include Alpha:"
"烘焙至 Alpha：","Bake to Alpha:"
"力量优先指数：","Force First Index:"
"删除所有烘焙通道图像","Delete All Baked Channel Images"
"删除所有烘焙通道图像","Delete all baked channel images"
"同时删除顶点颜色","Also delete the vertex color"
"将通道烘焙至图像","Bake Channels to Image(s)"
"将通道烘焙到图像","Bake channels to Image"
"图像插值类型","Image Interpolation Type"
"图像插值类型","Image interpolation type"
"32 位浮点数","32 bit Float"
"仅烘焙活动通道","Only Bake Active Channel"
"仅烘焙活动通道","Only bake active channel"
"使用 FXAA","Use FXAA"
"使用 FXAA 烘焙图像（不","Use FXAA to baked images (doesn"
"抗锯齿级别","Anti Aliasing Level"
"超级采样抗锯齿级别（1=关闭）","Super Sample Anti Aliasing Level (1=off)"
"使用降噪","Use Denoise"
"对烘焙图像使用去噪","Use Denoise on baked images"
"强制烘焙所有多边形","Force Bake all Polygons"
"强制烘焙所有多边形，如果材料未使用直接多边形（例如：固化材料）则很有用","Force bake all polygons, useful if material is not using direct polygon (ex: solidify material)"
"烘烤装置","Bake Device"
"烘烤所用设备","Device to use for baking"
"启用“烘焙为 VCol”","Enable Bake As VCol"
"是否有任何通道启用了“烘焙为顶点颜色”","Has any channel enabled Bake As Vertex Color"
"强制第一个顶点颜色通道","Force First Vertex Color Channel"
"烘焙顶点颜色后强制第一个通道","Force the first channel after baking the Vertex Color"
"使用 UDIM 图块","Use UDIM Tiles"
"AA 级：","AA Level:"
"烘烤设备：","Bake Device:"
"插值：","Interpolation:"
"UV贴图：","UV Map:"
"强制优先 Vcol：","Force First Vcol:"
"强制优先 Vcol","Force First Vcol"
"合并图层","Merge layer"
"合并图层","Merge Layer"
"方向","Direction"
"渠道","Channel"
"合并参考通道","Channel for merge reference"
"应用图层修改器","Apply Layer Modifiers"
"应用图层修改器","Apply layer modifiers"
"应用邻居修改器","Apply Neighbor Modifiers"
"应用邻居修饰符","Apply neighbor modifiers"
"高度感知","Height Aware"
"高度将考虑合并","Height will take account for merge"
"主频道：","Main Channel:"
"应用修改器：","Apply Modifiers:"
"应用邻居修改器：","Apply Neighbor Modifiers:"
"合并蒙版","Merge mask"
"合并蒙版","Merge Mask"
"烘焙图层的临时图像","Bake temporary image of layer"
"烘焙图层的临时图像，有助于防止循环出现故障","Bake temporary image of layer, can be useful to prefent glitch on cycles"
"禁用图层的烘焙临时图像","Disable Baked temporary image of layer"
"禁用图层烘焙临时图像","Disable bake temporary image of layer"
"Α","Alpha"
"烘烤类型","Bake Type"
"翻转法线","Flip Normals"
"翻转网格的法线","Flip normal of mesh"
"仅限本地","Only Local"
"仅烘焙局部环境光遮蔽","Only bake local ambient occlusion"
"子表面影响","Subsurf Influence"
"烘烤腔体时考虑表面","Take account subsurf when baking cavity"
"在烘焙图像上使用 FXAA（不","Use FXAA on baked image (doesn"
"使用 SSAA","Use SSAA"
"在烘焙图像上使用超级采样 AA","Use Supersample AA on baked image"
"对烘焙图像使用去噪","Use Denoise on baked image"
"使用模糊","Use Blur"
"对烘焙图像使用模糊","Use blur to baked image"
"模糊系数","Blur Factor"
"烘焙图像的模糊系数","Blur factor to baked image"
"使用烘焙置换贴图","Use Baked Displacement Map"
"使用烘焙置换贴图，这也将应用对象上的细分设置","Use baked displacement map, this will also apply subdiv setup on object"
"笼状物体","Cage Object"
"用作笼子的物体，而不是通过笼子挤压从活动物体计算笼子","Object to use as cage instead of calculating the cage from the active object with cage extrusion"
"笼式挤压","Cage Extrusion"
"将活动对象膨胀指定的距离以进行烘焙。这有助于匹配靠近选定对象网格外部的点","Inflate the active object by the specified distance for baking. This helps matching to points nearer to the outside of the selected object meshes"
"最大射线距离","Max Ray Distance"
"活动对象和选定对象之间匹配点的最大射线距离。如果为零，则没有限制","The maximum ray distance for matching points between the active and selected objects. If zero, there is no limit"
"使用图像图集","Use Image Atlas"
"频道源名称","Channel Source Name"
"烘焙目标的通道源名称","Channel source name for bake target"
"子通道","Subchannel"
"通道源RGBA索引","Channel source RGBA index"
"默认值","Default Value"
"通道默认值","Channel default value"
"普通通道类型","Normal Channel Type"
"普通通道源类型","Normal channel source type"
"反转值","Invert Value"
"反转值","Invert value"
"烘焙目标名称","Bake Target Name"
"烘焙目标名称","Name of bake target name"
"烘焙目标数据类型","Bake Target Data Type"
"烘焙目标数据类型","Bake target data type"
"新烘焙目标","New Bake Target"
"新的烘焙目标","New bake target"
"新烘焙目标名称","New Bake Target Name"
"新的烘焙目标名称","New bake target name"
"烘焙目标预设","Bake Target Preset"
"自定义烘焙目标预设","Customm bake target preset"
"姓名：","Name:"
"预设：","Preset:"
"移除烘焙目标","Remove Bake Target"
"移除烘焙目标","Remove bake target"
"尝试重新选择烘焙选定的顶点","Try to reselect baked selected vertex"
"尝试重新选择烘焙的选定顶点。如果顶点的网格数量发生变化，可能会产生错误的结果","Try to reselect baked selected vertex. It might give you wrong results if mesh number of vertex changed"
"删除其他对象信息","Remove other object info"
"删除其他对象烘焙信息，因此它获胜了","Remove other object bake info, so it won"
"烘焙至层","Bake To Layer"
"烘焙某些东西作为图层/蒙版","Bake something as layer/mask"
"覆盖可用层","Overwrite available layer"
"目标烘烤类型","Target Bake Type"
"新层的通道，稍后可以更改","Channel of new layer, can be changed later"
"混合","Blend"
"正常混合类型","Normal Blend Type"
"法线贴图类型","Normal Map Type"
"此图层的法线贴图类型","Normal map type of this layer"
"使用置换设置","Use Displacement Setup"
"使用位移设置，这也将应用对象上的细分设置","Use displacement setup, this will also apply subdiv setup on object"
"子表面/多分辨率影响","Subsurf / Multires Influence"
"烘烤腔体时考虑子表面或多分辨率","Take account subsurf or multires when baking cavity"
"覆盖：","Overwrite:"
"覆盖层：","Overwrite Layer:"
"覆盖掩码：","Overwrite Mask:"
"渠道：","Channel:"
"类型：","Type:"
"笼状物体：","Cage Object:"
"笼式挤压：","Cage Extrusion:"
"最大射线距离：","Max Ray Distance:"
"AO 距离：","AO Distance:"
"斜面样品：","Bevel Samples:"
"斜角半径：","Bevel Radius:"
"基础级别：","Base Level:"
"源对象：","Source Object:"
"直线 UV 贴图：","Straight UV Map:"
"__TEMP__","__TEMP__"
"_____温度","_____temp"
"将图层/蒙版烘焙至图像","Bake Layer/Mask To Image"
"将图层/蒙版烘焙到图像","Bake Layer/Mask to an image"
"使用 FXAA 烘焙图像（不","Use FXAA to baked image (doesn"
"重复实体","Duplicate Entity"
"重复实体","Duplicate entity"
"禁用当前图层/蒙版","Disable current layer/mask"
"复制蒙版","Duplicate Mask"
"禁用图层","Disable Layer"
"禁用当前掩码","Disable Current Mask"
"禁用当前图层","Disable Current Layer"
"移除烘焙层/蒙版","Remove Baked Layer/Mask"
"去除烘烤层/掩模版","Remove baked layer/mask"
"温度复合场景","TEMP_COMPOSITE_SCENE"
"__temp__ucupaint_vertex_color_for_alpha_bake","__temp__ucupaint_vertex_color_for_alpha_bake"
"__TEMP_SEGMENT_","__TEMP_SEGMENT_"
"____温度","____TEMP"
"sRGB","sRGB"
"____NORM_TEMP","____NORM_TEMP"
"____VDISP_TEMP","____VDISP_TEMP"
"____MAXHEIGHT_TEMP","____MAXHEIGHT_TEMP"
"____显示温度","____DISP_TEMP"
"__TEMP_ALPHA__","__TEMP_ALPHA__"
"来源","source"
"___温度___","___TEMP___"
"_迭代_","_iterate_"
"_迭代深度_","_iterate_depth_"
"_迭代_组_0","_iterate_group_0"
"_迭代_组_","_iterate_group_"
"ShaderNodeMix","ShaderNodeMix"
"ShaderNodeMixRGB","ShaderNodeMixRGB"
"~","~"
"~图片集","~Image Atlas"
"新图像图集片段测试","New Image Atlas Segment Test"
"新 Image Atlas 片段测试","New Image Atlas segment test"
"图像图集","Image Atlas"
"图片图集名称","Image atlas name"
"阿塔斯底色","Altas Base Color"
"使用自定义变换刷新图层 UV","Refresh Layer UV with Custom Transformation"
"使用自定义变换刷新图层 UV","Refresh layer UV with custom transformation"
"返回原始 UV","Back to Original UV"
"检测到变换的 UV，如果您在此 UV 上进行编辑，您的更改将会丢失。\n单击此按钮可返回原始 UV","Transformed UV detected, your changes will lost if you edit on this UV.\nClick this button to go back to original UV"
"将图像转换为图像图集","Convert Image to Image Atlas"
"将图像转换为图像图集（有助于避免材质纹理限制）","Convert image to image atlas (useful to avoid material texture limit)"
"所有图片","All Images"
"转换所有图像，而不是仅转换活动图像","Convert all images instead of only the active one"
"将图像图集转换为标准图像","Convert Image Atlas to standard image"
"将图像图集转换为标准图像","Convert image atlas to standard image"
"姓名","Name"
"图像图集片段名称","Name of Image Atlas Segments"
"影像图集名称","Name of Image Atlas"
"阿特拉斯底色","Atlas Base Color"
"图片来源：temp_images","_temp_image.png"
"_temp_图像.hdr","_temp_image.hdr"
"反转图像","Invert Image"
"重新加载图片","Reload Image"
"包装图片","Pack Image"
"保存图片","Save Image"
"将所有烘焙图像保存到目录","Save All Baked Images to directory"
"保存所有烘焙图像","Save All Baked Images"
"外部目录路径","Outdir Path"
"我将把我的东西保存在哪里","Where I will save my stuff"
"删除空格","Remove Whitespaces"
"从烘焙图像名称中删除空格","Remove whitespaces from baked image names"
"另存为图像","Save As Image"
"文件格式","File Format"
"复制","Copy"
"在 Blender 中创建新图像文件而不修改当前图像","Create a new image file without modifying the current image in Blender"
"相对路径","Relative Path"
"选择相对于混合文件的文件","Select the file relative to the blend file"
"颜色模式","Color Mode"
"颜色深度","Color Depth"
"压缩","Compression"
"编解码器","Codec"
"质量","Quality"
"电影院 48","Cinema 48"
"电影","Cinema"
"杨树岭","YCC"
"日志","Log"
"颜色深度：","Color Depth:"
"保存并打包所有图像层","Save and Pack All Image Layers"
"转换图像位深度","Convert Image Bit Depth"
"图层 Alpha 查看器","Layer Alpha Viewer"
"面具","Mask "
"刷新邻近 UV","Refresh Neighbor UV"
"此插件需要线性色彩空间图像才能正常工作","This addon need to linear color space image to works properly"
"使用线性颜色空间","Use Linear Color Space"
"新的顶点颜色覆盖通道层","New Vertex Color To Override Channel Layer"
"顶点颜色数据类型","Vertex Color Data Type"
"顶点颜色数据类型","Vertex color data type"
"顶点颜色域","Vertex Color Domain"
"顶点颜色域","Vertex color domain"
"领域：","Domain:"
"数据类型：","Data Type:"
"新的 VDM 层","New VDM Layer"
"新的矢量置换层","New Vector Displacement Layer"
"混合类型","Blend Type"
"启用位移设置","Enable Displacement Setup"
"在普通通道上启用位移设置","Enable Displacement Setup on Normal channel"
"混合类型：","Blend Type:"
"* 目前仅支持一个 UV 贴图","* Only one UV map is currently supported"
"位移设置尚未启用！","Displacement Setup is not enabled yet!"
"新建图层","New Layer"
"图层类型","Layer Type"
"颜色","Color"
"图层坐标类型","Layer Coordinate Type"
"混合类型","Blend type"
"纯色","Solid Color"
"添加蒙版","Add Mask"
"将蒙版添加到新图层","Add mask to new layer"
"面罩类型","Mask Type"
"面罩类型","Mask type"
"蒙版颜色","Mask Color"
"蒙版宽度","Mask Width"
"蒙版高度","Mask Height"
"蒙版图像插值类型","Mask Image Interpolation Type"
"蒙版图像插值类型","Mask image interpolation type"
"颜色识别","Color ID"
"使用 UDIM 图块进行遮罩","Use UDIM Tiles for Mask"
"使用图像图集作为蒙版","Use Image Atlas for Mask"
"假照明空间","Fake Lighting Space"
"假灯光空间","Fake lighting space"
"使用先前的正常","Use previous Normal"
"考虑以前的正常情况","Take account previous Normal"
"遮罩顶点颜色数据类型","Mask Vertex Color Data Type"
"遮罩顶点颜色数据类型","Mask Vertex color data type"
"遮罩顶点颜色域","Mask Vertex Color Domain"
"Mask 顶点颜色域","Mask Vertex color domain"
"点差修复","Spread Fix"
"使用扩展修复（非常推荐用于顶点颜色或图像层）","Use spread fix (very recommended for vertex color or image layer)"
"未找到频道！仍要创建图层吗？","No channel found! Still want to create a layer?"
"颜色：","Color:"
"空间：","Space:"
"向量：","Vector:"
"面罩类型：","Mask Type:"
"面罩颜色编号：","Mask Color ID:"
"面罩颜色：","Mask Color:"
"面罩宽度：","Mask Width:"
"面罩高度：","Mask Height:"
"蒙版插值：","Mask Interpolation:"
"遮罩 UV 贴图：","Mask UV Map:"
"掩码域：","Mask Domain:"
"掩码数据类型：","Mask Data Type:"
"信息：可使用未使用的图集片段。","INFO: An unused atlas segment can be used."
"清除需要几秒钟时间。","It will take a couple seconds to clear."
"打开图像以覆盖频道","Open Image to Override Channel"
"打开图像以覆盖通道层","Open Image to Override Channel Layer"
"应用相对路径","Apply relative paths"
"打开图像以覆盖 1 个通道","Open Image to Override 1 Channel"
"打开图像以覆盖 1 通道图层","Open Image to Override 1 Channel Layer"
"将多幅图像打开至单层","Open Multiple Images to Single Layer"
"打开图像至图层","Open Image to Layer"
"检测 UDIM","Detect UDIMs"
"检测选定的 UDIM 文件并加载所有匹配的图块。","Detect selected UDIM files and load all matching tiles."
"打开可用数据以覆盖 1 通道层","Open Available Data to Override 1 Channel Layer"
"图像","Image"
"打开可用数据以覆盖通道层","Open Available Data to Override Channel Layer"
"顶点颜色","Vertex Color"
"将可用数据开放给图层","Open Available Data to Layer"
"移入/移出图层组","Move In/Out Layer Group"
"移入或移出图层组","Move in or out layer group"
"移动图层","Move Layer"
"移动图层","Move layer"
"上移（跳过小组）","Move Up (skip group)"
"移至组内","Move inside group"
"下移（跳过组）","Move Down (skip group)"
"移至组外","Move outside group"
"移动图层组内部或外部","Move inside or outside layer group"
"仅移除父级","Remove parent only"
"删除父级及其所有子级","Remove parent with all its childrens"
"移除图层菜单","Remove Layer Menu"
"移除图层","Remove Layer"
"移除子项","Remove Childs"
"删除层子项","Remove layer childrens"
"在此模式下您无法撤消此操作，您确定吗？","You cannot UNDO this operation under this mode, are you sure?"
"此层使用 UDIM 地图集图像片段","This layer is using UDIM atlas image segment"
"删除后无法撤消","You cannot UNDO after removal"
"您确实要继续吗？","Are you sure want to continue?"
"替换层通道覆盖","Replace Layer Channel Override"
"替换图层通道法线覆盖","Replace Layer Channel Normal Override"
"替换图层类型","Replace Layer Type"
"物品","Item"
"图像：","Image:"
"顶点颜色：","Vertex Color:"
"复制图层","Duplicate layer"
"复制图层","Duplicate Layer"
"复制图层","Copy Layer"
"复制所有图层","Copy All Layers"
"复制所有图层，而不是仅复制活动图层","Copy all layers instead of only the active one"
"粘贴图层","Paste Layer"
"启用图层通道","Enable Layer Channel"
"启用图层通道","Enable layer channel"
"图层输入","Layer Input"
"图层通道输入","Input for layer channel"
"伽马空间","Gamma Space"
"确保层输入在线性空间中","Make sure layer input is in linear space"
"使用限制","Use Clamp"
"将结果限制在 0..1 范围内","Clamp result to 0..1 range"
"图层通道的混合类型","Blend type of layer channel"
"图层法线通道的混合类型","Blend type of layer normal channel"
"高度混合类型","Height Blend Type"
"通道强度因子","Channel Intensity Factor"
"启用覆盖","Enable Override"
"对于此通道使用覆盖值而不是层值","Use override value rather than layer value for this channel"
"覆盖颜色","Override Color"
"覆盖此通道的颜色值","Override color value for this channel"
"覆盖值","Override Value"
"覆盖此渠道的值","Override value for this channel"
"顶点颜色名称","Vertex Color Name"
"通道覆盖顶点颜色名称","Channel override vertex color name"
"Voronoi 特征","Voronoi Feature"
"用于计算的 Voronoi 特征","The voronoi feature that will be used for compute"
"启用覆盖（法线贴图通道）","Enable Override (Normal Map Channel)"
"对于此通道的法线贴图使用覆盖值而不是层值","Use override value rather than layer value for normal map of this channel"
"覆盖此通道法线贴图的颜色值","Override color value for normal map of this channel"
"凸块高度范围","Bump Height Range"
"凸起高度范围。\n（白色等于该值，黑色等于该值的负值）","Bump height range.\n(White equals this value, black equals negative of this value)"
"撞击中层","Bump Midlevel"
"不会引起任何凹凸的中性凹凸值","Neutral bump value that causes no bump"
"平滑凹凸步长乘数","Smooth Bump Step Multiplier"
"乘以平滑凹凸步骤。\n（默认步骤基于图像分辨率或生成的混合器纹理的 1000）","Multiply the smooth bump step.\n(The default step is based on image resolution or 1000 for generated blender texture)"
"正常情况下的凸起高度范围","Bump Height Range for normal"
"法线通道的凹凸高度范围。\n（白色等于该值，黑色等于该值的负值）","Bump height range for normal channel.\n(White equals this value, black equals negative of this value)"
"写高度","Write Height"
"写入该层通道的高度","Write height for this layer channel"
"写入正常高度","Write Normal Height"
"写入该普通层通道的高度","Write height for this normal layer channel"
"正常强度","Normal Strength"
"正常强度","Normal strength"
"矢量位移强度","Vector Displacement Strength"
"矢量位移翻转 YZ 通道","Vector Displacement Flip YZ Channel"
"翻转 YZ 通道值（兼容搅拌机矢量位移标准）","Flip YZ channel value (Compatibility for blender vector displacement standard)"
"图像翻转 Y","Image Flip Y"
"图像翻转 Y（如果您","Image Flip Y (Use this if you"
"启用过渡凸点","Enable Transition Bump"
"启用过渡凸点","Enable transition bump"
"切换过渡效果","Toggle Transition Bump"
"切换过渡效果（这将影响其他频道）","Toggle transition Bump (This will affect other channels)"
"过渡凹凸值","Transition Bump Value"
"过渡凹凸值","Transition bump value"
"第二边缘强度","Second Edge Intensity"
"第二个边缘强度值","Second Edge intensity value"
"过渡凸起距离","Transition Bump Distance"
"掩模凸块距离","Distance of mask bump"
"过渡凸块高度范围","Transition Bump Height Range"
"过渡凸起高度范围。\n（白色等于该值，黑色等于该值的负值）","Transition bump height range.\n(White equals this value, black equals negative of this value)"
"过渡碰撞链","Transition bump chain"
"受过渡凸起影响的遮罩数量","Number of mask affected by transition bump"
"过渡 碰撞 翻转","Transition Bump Flip"
"过渡碰撞翻转","Transition bump flip"
"过渡凸起弯曲偏移","Transition Bump Curved Offst"
"过渡凸块弯曲偏移","Transition bump curved offset"
"过渡凹凸折痕","Transition Bump Crease"
"过渡凹凸折痕（仅在翻转未激活时有效）","Transition bump crease (only works if flip is inactive)"
"过渡凹凸折痕系数","Transition Bump Crease Factor"
"过渡凹凸折痕系数","Transition bump crease factor"
"过渡凹凸折痕力量","Transition Bump Crease Power"
"过渡凹凸系数","Transition Bump Factor"
"过渡碰撞系数","Transition bump factor"
"过渡期第二要素","Transition Bump Second Factor"
"过渡期第二个因素","Transition bump second factor"
"过渡凹凸衰减","Transition Bump Falloff"
"过渡凹凸衰减类型","Transition Bump Falloff Type"
"过渡凹凸衰减模拟曲线因子","Transition Bump Falloff Emulated Curve Factor"
"过渡凸起曲线模拟曲线因子","Transition bump curve emulated curve factor"
"启用过渡坡道","Enable Transition Ramp"
"启用 alpha 过渡坡道","Enable alpha transition ramp"
"切换过渡坡道","Toggle Transition Ramp"
"切换过渡坡道（如果有","Toggle transition Ramp (Works best if there"
"过渡坡道混合类型","Transition Ramp Blend Type"
"解除过渡坡道与通道强度的关联","Unlink Transition Ramp with Channel Intensity"
"启用过渡 AO","Enable Transition AO"
"启用 alpha 过渡环境光遮蔽（需要主动过渡碰撞）","Enable alpha transition Ambient Occlusion (Need active transition bump)"
"切换过渡 AO","Toggle Transition AO"
"切换 AO 过渡（仅当存在","Toggle transition AO (Only works if there"
"过渡 AO 电源","Transition AO Power"
"过渡 AO 边缘功率（值越高，AO 越少）","Transition AO edge power (higher value means less AO)"
"过渡 AO 电源","Transition AO power"
"过渡 AO 强度","Transition AO Intensity"
"过渡 AO 强度","Transition AO intensity"
"过渡 AO 颜色","Transition AO Color"
"过渡 AO 内部强度","Transition AO Inside Intensity"
"过渡 AO 混合类型","Transition AO Blend Type"
"取消过渡 AO 与通道强度的关联","Unlink Transition AO with Channel Intensity"
"用于编辑或预览的活动覆盖通道","Active override channel for editing or preview"
"上一个 活动 编辑 索引","Previous Active Edit Index"
"存储上一个活动编辑索引","To store previous active edit index"
"图层名称","Layer Name"
"图层名称","Layer name"
"启用图层","Enable Layer"
"启用图层","Enable layer"
"层强度因子","Layer Intensity Factor"
"列表中的颜色快捷方式","Color Shortcut on the list"
"在列表中显示颜色快捷方式","Display color shortcut on the list"
"盒状投影混合","Box Projection Blend"
"两面之间使用的混合量","Amount of blend to use between sides"
"使用临时烘烤","Use Temporary Bake"
"使用临时烘焙，它有助于防止循环故障","Use temporary bake, it can be useful for prevent glitch on cycles"
"原始图层类型","Original Layer Type"
"扩展修复将用 RGB 值除以其 alpha 值\n这可以用于去除绘制图像/顶点颜色上的暗轮廓\n警告：这是一个 hack 解决方案，因此结果可能看起来不正确","Spread fix will divide RGB value by its alpha\nThis can be useful remove dark outline on painted image/vertex color\nWARNING: This is a hack solution so the result might not looks right"
"缓存 Hemi 向量","Cache Hemi vector"
"相机射线遮罩","Camera Ray Mask"
"使用相机射线值，这样网格的背面获胜","Use Camera Ray value so the back of the mesh won"
"UV 名称","UV Name"
"用于层坐标的 UV 名称","UV Name to use for layer coordinate"
"烘焙 UV 名称","Baked UV Name"
"翻译","Translation"
"回转","Rotation"
"规模","Scale"
"启用模糊矢量","Enable Blur Vector"
"启用模糊矢量","Enable blur vector"
"模糊向量因子","Blur Vector Factor"
"模糊向量因子","Blur vector factor"
"使用烘焙","Use Baked"
"使用烘焙层图像","Use baked layer image"
"启用图层蒙版","Enable Layer Masks"
"启用图层蒙版","Enable layer masks"
"_混合","_mix"
"_限制","_limit"
"_混合_","_mix_"
"_限制_","_limit_"
"数学","Math"
"（","("
"面具","Mask"
"遮罩垂直列","Mask VCol"
"新建图层蒙版","New Layer Mask"
"蒙版修改器类型","Mask Modifier Type"
"图像插值类型","image interpolation type"
"颜色选项","Color Option"
"蒙版坐标类型","Mask Coordinate Type"
"对象索引","Object Index"
"对象传递索引","Object Pass Index"
"颜色编号：","Color ID:"
"半径：","Radius:"
"混合：","Blend:"
"打开图像作为蒙版","Open Image as Mask"
"源输入","Source Input"
"掩码输入的源数据","Source data for mask input"
"图片频道：","Image Channel:"
"将可用数据作为图层蒙版打开","Open available data as Layer Mask"
"顶点颜色数据：","Vertex Color Data:"
"移动图层蒙版","Move Layer Mask"
"移动图层蒙版","Move layer mask"
"移除图层蒙版","Remove Layer Mask"
"必须启用 Eevee 环境光遮蔽才能使边缘检测蒙版发挥作用","Eevee Ambient Occlusion must be enabled to make edge detect mask to work"
"修复边缘检测蒙版 AO","Fix Edge Detect Mask AO"
"启用蒙版","Enable Mask"
"启用掩码","Enable mask"
"用于编辑或预览的活动蒙版","Active mask for editing or preview"
"掩码源输入","Mask Source Input"
"掩码的源输入","Source input for mask"
"用于编辑的活动顶点颜色","Active vertex color for editing"
"用于遮罩坐标的 UV 名称","UV Name to use for mask coordinate"
"用于烘焙蒙版坐标的 UV 名称","UV Name to use for baked mask coordinate"
"掩模强度因子","Mask Intensity Factor"
"使用烘焙图像而不是生成的蒙版","Use baked image rather generated mask"
"原始面罩类型","Original Mask Type"
"新的蒙版修改器","New Mask Modifier"
"修饰符类型","Modifier Type"
"移动遮罩修改器","Move Mask Modifier"
"移除遮罩修改器","Remove Mask Modifier"
"启用修改器","Enable Modifier"
"启用修改器","Enable modifier"
"新的","New "
"移动","Move "
"价值","Value"
"R","R"
"G","G"
"乙","B"
"A","A"
"图层列表的快捷方式：","Shortcut on layer list:"
"价值：","Value:"
"色调：","Hue:"
"饱和：","Saturation:"
"亮度：","Brightness:"
"对比：","Contrast:"
"夹钳：","Clamp:"
"影响 Alpha：","Affect Alpha:"
"RGB 到强度颜色","RGB to Intensity Color"
"亮度","Brightness"
"对比","Contrast"
"色调","Hue"
"饱和","Saturation"
"方法","Method"
"影响 Alpha","Affect Alpha"
"属性快捷键","Property Shortcut"
"图层列表上的属性快捷方式（当前仅适用于 RGB 到 Intensity）","Property shortcut on layer list (currently only available on RGB to Intensity)"
"新的法线贴图修改器","New Normal Map Modifier"
"默认新图像大小","Default New Image Size"
"默认新图像尺寸","Default new image size"
"图片图集尺寸","Image Atlas Size"
"HDR 图像图集大小","HDR Image Atlas Size"
"使用独特的图像图集","Use unique Image Atlas per "
"尝试使用不同的图像图集","Try to use different image atlas per "
"开发者模式","Developer Mode"
"开发者模式将显示几个仅供开发者使用的菜单","Developer mode will shows several menu intented for developer only"
"显示实验性功能","Show Experimental Features"
"显示未完成的实验性功能","Show unfinished experimental features"
"启用 EEVEE-Next 位移（实验性）","Enable EEVEE-Next Displacement (Experimental)"
"启用 EEVEE-Next 实时置换（实验性，需要 Blender 4.1 或更高版本）","Enable EEVEE-Next realtime Displacement (Experimental and requires Blender 4.1 or above)"
"使用图像预览/缩略图","Use Image Preview/Thumbnail"
"在图层列表中使用图像预览或缩略图","Use image preview or thumbnail on the layers list"
"使预览模式使用 sRGB","Make Preview Mode use sRGB"
"确保预览模式使用 sRGB 颜色","Make sure preview mode use sRGB color"
"未使用烘焙的视差","Parallax Without Use Baked"
"无需使用烘焙纹理即可使用视差（目前非常慢）","Make it possible to use parallax without using baked textures (currently VERY SLOW)"
"自动检查更新","Auto-check for Update"
"如果启用，则使用间隔自动检查更新","If enabled, auto-check for updates using an interval"
"月份","Months"
"检查更新的间隔月数","Number of months between checking for updates"
"天","Days"
"检查更新的间隔天数","Number of days between checking for updates"
"小时","Hours"
"检查更新的间隔小时数","Number of hours between checking for updates"
"分钟","Minutes"
"检查更新的间隔分钟数","Number of minutes between checking for updates"
"检查间隔","Interval between checks"
"选择所有材质多边形","Select All Material Polygons"
"选择所有使用此材质的多边形","Select all polygons using this material"
"创建新 UV","Create New UV"
"创建新的 UV 而不是使用可用的 UV","Create new UV rather than use available one"
"新 UV 名称","New UV Name"
"新款 uv 名称","Name of the new uv"
"主动 UV 贴图","Active UV Map"
"如果其他对象没有，它将创建一个。\n如果为空，它将使用每个对象当前活动的 uv 贴图","It will create one if other objects does not have it.\nIf empty, it will use whatever current active uv map for each objects"
"将图像编辑器设置为空","Set Image Editor to empty"
"将图像编辑器和画布图像设置为空，因此","Set image editor & canvas image to empty, so it"
"重命名使用相同材质的 UV","Rename UV that using same Material"
"重命名使用相同材质的对象上的 UV","Rename UV on objects that used the same material"
"目标 UV 图","Target UV Map"
"将被重命名的目标 UV 贴图","Target UV Map that will be renamed"
"UV 的新名称","New name of for the UV"
"快的","Quick "
"类型","Type"
"环境光遮蔽","Ambient Occlusion"
"金属","Metallic"
"粗糙度","Roughness"
"普通的","Normal"
"静音模板蒙版不透明度","Mute Stencil Mask Opacity"
"设置 3D 视口中的模板蒙版不透明度\","Set Stencil Mask Opacity found in the 3D Viewport\"
"使用线性颜色混合","Use Linear Color Blending"
"使用更精确的线性颜色混合（其行为方式与 Photoshop 不同）","Use more accurate linear color blending (it will behave differently than Photoshop)"
"切换到材料视图","Switch to Material View"
"切换到材质视图，以便节点设置自动可见","Switch to material view so the node setup is automatically visible"
"频道：","Channels:"
"添新","Add new "
"连接","Connect "
"连接到","Connect To"
"连接到：","Connect To:"
"频道名称","Channel Name"
"频道名称","Name of the channel"
"通道类型","Channel Type"
"色彩空间","Color Space"
"无色获胜","Non color won"
"使用新通道夹","Use clamp of newly the channel"
"将强度设置为 1","Set Strength to One"
"将套接字强度设置为 1","Set socket strength to one"
"色彩空间：","Color Space:"
"同时删除烘焙的顶点颜色","Also remove baked vertex color"
"添加简单的 UV","Add simple UVs"
"添加简单 UV","Add Simple UVs"
"修复频道不匹配问题","Fix Channels Mistmatch"
"修复由于错误导致的通道不匹配问题","Fix channels missmatch because of error"
"修复缺失的 UV","Fix missing UV"
"缺少 UV 名称","Missing UV Name"
"目标 UV 名称","Target UV Name"
"重映射","Remap "
"改名","Rename "
"新名字","New Name"
"更改活动","Change Active "
"节点名称","Node Name"
"复制","Duplicate "
"复制此节点","Duplicate this Node"
"复制此节点","Duplicate this node"
"还重复材料","Also Duplicate Material"
"同时复制此节点父材料","Also Duplicate this node parent materials"
"仅在活动对象上复制","Only Duplicate on active object"
"仅在活动对象上复制，而不是使用相同材质的所有可访问对象","Only duplicate on active object, rather than all accessible objects using the same material"
"仅限活动对象","Only Active Object"
"优化正常流程","Optimize Normal Process"
"优化正常流程，当出现以下情况时，不处理正常输入","Optimize normal process by not processing normal input when it"
"修复缺失数据","Fix Missing Data"
"修复丢失的图像/顶点颜色数据","Fix missing image/vertex color data"
"刷新切线符号顶点颜色","Refresh Tangent Sign Vertex Colors"
"刷新切线符号顶点颜色以使其在 Blender 2.8 上运行","Refresh Tangent Sign Vertex Colors to make it works on Blender 2.8"
"这","This "
"您确定要删除吗？","Are you sure want to delete?"
"干净的","Clean "
"启用平滑凹凸","Enable Smooth Bump"
"启用平滑凹凸贴图。\n看起来更好，但凹凸高度缩放将不同于标准凹凸贴图。\n平滑凹凸贴图 -> 纹理空间。\n标准凹凸贴图 -> 世界空间","Enable smooth bump map.\nLooks better but bump height scaling will be different than standard bump map.\nSmooth bump map -> Texture space.\nStandard bump map -> World space"
"在通道上启用 Alpha 混合","Enable Alpha Blend on Channel"
"在通道上启用 alpha 混合","Enable alpha blend on channel"
"Alpha 混合模式","Alpha Blend Mode"
"如果启用了 alpha，这将改变你的材质混合模式","This will change your material blend mode if alpha is enabled"
"Alpha 阴影模式","Alpha Shadow Mode"
"如果启用了 alpha，这将更改你的材质阴影模式","This will change your material shadow mode if alpha is enabled"
"背面模式","Backface Mode"
"背面模式","Backface mode"
"启用烘焙到顶点颜色","Enable Bake to Vertex Color"
"启用顶点颜色作为烘焙目标","Enable vertex color as bake target"
"烘焙至顶点颜色 Alpha","Bake To Vertex Color Alpha"
"启用后，通道仅烘焙到具有顶点颜色的 Alpha","When enabled, the channel are baked only to Alpha with vertex color"
"启用视差贴图","Enable Parallax Mapping"
"启用视差贴图。\n它将使用纹理空间缩放，因此当将其用作真实位移贴图时，它可能看起来有所不同","Enable Parallax Mapping.\nIt will use texture space scaling, so it may looks different when using it as real displacement map"
"视差映射层数","Parallax Mapping Number of Layers"
"烘焙视差映射层数","Baked Parallax Mapping Number of Layers"
"禁用全局烘焙","Disable Global Baked"
"如果全局烘焙处于开启状态，则禁用此通道的烘焙图像","Disable baked image for this channel if global baked is on"
"使用烘焙图像","Use Baked Image"
"对这个通道使用烘焙图像","Use baked image for this channel"
"启用位移设置。仅适用于 Cycles 或 Eevee Next","Enable displacement setup. Only works with Cycles or Eevee Next"
"细分标准类型","Subdivision Standard Type"
"使用自适应细分","Use Adaptive Subdivision"
"使用自适应细分（仅适用于 Cycles）","Use Adaptive Subdivision (only works on Cycles)"
"最大多边形上的细分","Subdiv On Max Polygons"
"启用位移设置时的最大多边形数（以千为单位）","Max Polygons (in thousand) when displacement setup is on"
"级别上的细分","Subdiv On Level"
"位移设置开启时的细分级别","Subdivision level when displacement setup is on"
"细分偏离级别","Subdiv Off Level"
"位移设置关闭时的细分级别","Subdivision level when displacement setup is off"
"细分曲面调整","Subdiv Tweak"
"调整置换高度","Tweak displacement height"
"高度调整","Height Tweak"
"乘以高度值","Multiply height value"
"平滑法线调整","Smooth Normal Tweak"
"调整平滑法线","Tweak smooth normal"
"调整平滑法线值","Tweak smooth normal value"
"仅使用子表面修改器","Use Subsurf Modifier Only"
"忽略多分辨率并专门使用子表面修改器（如果您已经将多分辨率烘焙到图层中则很有用）","Ignore Multires and use subsurf modifier exclusively (useful if you already baked the multires to layer)"
"不稳定的保存标志","Unstable Save Flag"
"标记以检查节点是否使用不稳定（Alpha/Beta）版本保存","Flag to check if the node saved using unstable (Alpha/Beta) version"
"活跃渠道指数","Active Channel Index"
"活动通道索引","Active channel index"
"活动层索引","Active Layer Index"
"活动层索引","Active layer index"
"启用图层预览模式","Enable Layer Preview Mode"
"启用图层预览模式","Enable layer preview mode"
"启用蒙版预览模式","Enable Mask Preview Mode"
"启用蒙版预览模式","Enable mask preview mode"
"图层预览模式类型","Layer Preview Mode Type"
"图层预览模式类型","Layer preview mode type"
"使用烘焙通道而不是层通道","Use baked channels rather than layer channels"
"启用外部烘焙","Enable Baked Outside"
"在主节点之外创建烘焙纹理节点\n（可用于将材质导出到其他应用程序）","Create baked texture nodes outside of main node\n(Can be useful for exporting material to other application)"
"使背面法线始终朝上","Make backface normal always up"
"确保法线即使在背面也将朝向相机\n（需要启用平滑凹凸的法线通道才能启用此功能）","Make sure normal will face toward camera even at backface\n(Need Normal channel with smooth bump on to enable this feature)"
"启用图层 Alpha 查看器模式","Enable Layer Alpha Viewer Mode"
"启用图层 alpha 查看器模式","Enable layer alpha viewer mode"
"禁用快速切换","Disable Quick Toggle"
"禁用快速切换以提高着色器性能","Disable quick toggle to improve shader performance"
"性能模式","Performance Mode"
"性能模式使此插件适用于各种情况","Performance mode to make this addon useful for various cases"
"为 Blender 2.80+ Cycles 启用切线符号 VCol Hacks","Enable Tangent Sign VCol Hacks for Blender 2.80+ Cycles"
"需要切线符号顶点颜色来确保 Blender 2.8 Cycles 法线和视差正常工作。\n（这是因为 Blender 2.8 法线贴图节点的行为与 Blender 2.7 不同）","Tangent sign vertex color needed to make sure Blender 2.8 Cycles normal and parallax works.\n(This is because Blender 2.8 normal map node has different behavior than Blender 2.7)"
"___临时__","___TEMP__"
"转移","Transferz"
"使用过渡凸点（这会影响其他渠道）","Use transition bump (This will affect other channels)"
"显示过渡凸起","Show Transition Bump"
"使用过渡坡道（如果其他通道上启用了过渡坡道，则效果最佳）","Use transition ramp (Works best if there's transition bump enabled on other channel)"
"显示过渡坡道","Show Transition Ramp"
"使用过渡 AO（仅在其他通道上启用了过渡碰撞时才有效）","Use transition AO (Only works if there's transition bump enabled on other channel)"
"显示过渡 AO","Show Transition AO"
"移除过渡效果","Remove transition Effect"
"隐藏过渡效果","Hide Transition Effect"
"重新填充 UDIM 瓷砖","Refill UDIM Tiles"
"根据所有图层和蒙版的 UV 重新填充它们使用的所有 UDIM 图块","Refill all UDIM tiles used by all layers and masks based on their UV"
"~UDIM 地图集","~UDIM Atlas"
"新的 UDIM Atlas 分段测试","New UDIM Atlas Segment Test"
"新的 UDIM Atlas 细分市场测试","New UDIM Atlas segment test"
"刷新 UDIM 图集偏移","Refresh UDIM Atlas Offset"
"根据当前 UV 岛刷新 UDIM Atlas 偏移","Refresh UDIM Atlas offset based on current UV islands"
"UV贴图","UVMap"
"删除 UDIM Atlas 片段","Remove UDIM Atlas Segment"
"删除 UDIM Atlas 片段","Remove UDIM Atlas segment"
"段索引","Segment Index"
"UDIM Atlas 细分指数","UDIM Atlas Segment Index"
"将非平铺图像转换为平铺图像，反之亦然","Convert non tiled image to tiled image and vice versa"
"转换图像平铺","Convert Image Tiled"
"UDIM 图集","UDIM Atlas"
"UDIM Atlas 分段名称","Name of UDIM Atlas Segments"
"UDIM Atlas 的名称","Name of UDIM Atlas"
"对象列表：","List of Objects:"
"尝试重新选择顶点","Try to Reselect Vertices"
"重新烘焙","Rebake"
"类型：","Type: "
"瓷砖第十：","Tile X: "
"瓷砖 Y：","Tile Y: "
"宽度：","Width: "
"高度：","Height: "
"瓷砖编号：","Tile Numbers: "
"生成的图像设置：","Generated image settings:"
"X","X"
"是","Y"
"浮动缓冲区","Float Buffer"
"图片路径：-","Image Path: -"
"小路：","Path: "
"信息：","Info: "
"使用 Alpha：","Use Alpha:"
"Alpha 模式：","Alpha Mode:"
"翻转 Y 轴：","Flip Y:"
"扩大：","Extension:"
"投影：","Projection:"
"空间","Space"
"光照方向：","Light Direction:"
"使用上一个法线","Use Previous Normal"
"您还可以在编辑模式下编辑顶点颜色","You can also edit vertex color on edit mode"
"抵消：","Offset:"
"频率：","Frequency:"
"壁球：","Squash:"
"深度：","Depth:"
"方面：","Dimensions:"
"规格化：","Normalize:"
"染色：","Coloring:"
"特征：","Feature:"
"距离：","Distance:"
"乐队方向：","Band Direction:"
"轮廓：","Profile:"
"列表中的快捷方式：","Shortcut on list:"
"尤瑟姆","Ewsom"
"未折叠_","uncollapsed_"
"已折叠","collapsed_"
"来源：","Source:"
"反转值：","Invert Value:"
"烤","bake"
"图像：","Image: "
"做","Do "
"预览模式","Preview Mode"
"固定高度过程","Fix Height Process"
"固定高度输入","Fix Height Input"
"修复未连接的通道输出","Fix Unconnected Channel Output"
"修复未连接的 Alpha 输出","Fix Unconnected Alpha Output"
"背景：","Background:"
"基數：","Base Value:"
"基础 Alpha：","Base Alpha:"
"Α：","Alpha:"
"透明阴影：","Transparent Shadows:"
"抖动阴影（全局）：","Jittered Shadows (Global):"
"渲染方法：","Render Method:"
"混合模式：","Blend Mode:"
"阴影模式：","Shadow Mode:"
"剪辑阈值：","Clip Threshold:"
"背面模式：","Backface Mode:"
"使用夹具：","Use Clamp:"
"更平滑的凹凸：","Smoother Bump:"
"平滑凹凸：","Smooth Bump:"
"主 UV：","Main UV:"
"背面法线朝上：","Backface Normal Up:"
"正常调整：","Normal Tweak:"
"高度调整：","Height Tweak:"
"视差：","Parallax:"
"脚步：","Steps:"
"轮辋黑客：","Rim Hack:"
"主 UV：","Main UV: "
"位移设置：","Displacement Setup:"
"输入最大高度：","Input Max Height:"
"输入撞击中级：","Input Bump Midlevel:"
"最大多边形：","Max Polygons:"
"自适应（仅限 Cycles）：","Adaptive (Cycles Only):"
"全球切割：","Global Dicing:"
"仅限子表面：","Subsurf Only:"
"使用烘焙顶点颜色：","Use Baked Vertex Color:"
"烘焙到顶点颜色：","Bake To Vertex Color:"
"仅烘焙至 Alpha：","Bake to Alpha Only:"
"禁用烘焙温度","Disable Baked Temp"
"无法使用图像图集变换矢量！","Transform vector with image atlas is not possible!"
"投影混合：","Projection Blend:"
"刷新 UV","Refresh UV"
"模糊：","Blur:"
"未找到频道！","No channel found!"
"过渡阶段：","Transition Bump:"
"最大高度：","Max Height:"
"优势 1：","Edge 1:"
"优势 2：","Edge 2:"
"受影响的面罩：","Affected Masks:"
"翻动：","Flip:"
"折痕：","Crease:"
"折痕系数：","Crease Factor:"
"折痕力量：","Crease Power:"
"衰减：","Falloff:"
"衰减类型：","Falloff Type :"
"衰减因子：","Falloff Factor:"
"群组常规设置：","Group Normal Settings:"
"组常规设置","Group Normal Settings"
"写高度：","Write Height:"
"中级：","Midlevel:"
"平滑乘数：","Smooth Multiplier:"
"正常强度：","Normal Strength:"
"力量：","Strength:"
"翻转 Y/Z：","Flip Y/Z:"
"反转背面法线","Invert Backface Normal"
"过渡坡道：","Transition Ramp:"
"强度：","Intensity:"
"过渡因子：","Transition Factor:"
"过渡 AO：","Transition AO:"
"力量：","Power:"
"里面：","Inside:"
"过渡因子","Transition Factor"
"输入：","Input:"
"伽马空间：","Gamma Space:"
"没有活动频道！","No active channel!"
"抵消","Offset"
"频道","Channels"
"缺少烘焙顶点颜色！","Baked vertex color is missing!"
"修复不匹配的频道！","Fix Missmatched Channels!"
"禁用暂停更新","Disable Halt Update"
"禁用暂停重新连接","Disable Halt Reconnect"
"修复多用户","Fix Multi-User "
"修复重复的图层","Fix Duplicated Layers"
"切线符号黑客失踪！","Tangent Sign Hacks is missing!"
"刷新线性色彩空间","Refresh Linear Color Space"
"修复 EEVEE 边缘检测 AO","Fix EEVEE Edge Detect AO"
"修复活动 Vcol 不匹配！","Fix Active Vcol Mismatch!"
"填充颜​​色编号：","Fill Color ID:"
"充满","Fill"
"擦除","Erase"
"选择","Select"
"取消选择","Deselect"
"白色的","White"
"黑色的","Black"
"透明的","Transparent"
"切换橡皮擦","Toggle Eraser"
"禁用橡皮擦","Disable Eraser"
"编辑原始 UV","Edit Original UV"
"雕刻图像","Sculpt Image"
"分配","Assign"
"没有活动","No active "
"更新节点至版本","Update node to version "
"积极的：","Active: "
"图层","Layers"
"切线","Tangent"
"雕刻：","Sculpting: "
"将雕刻应用于图像","Apply Sculpt to Image"
"取消雕刻","Cancel Sculpt"
"自定义烘焙目标","Custom Bake Targets"
"统计资料","Stats"
"顶点颜色数量：","Number of Vertex Colors: "
"生成的纹理数量：","Number of Generated Textures: "
"目的","object"
"图像图集覆盖","Image Atlas Override"
"顶点颜色覆盖","Vertex Color Override"
"频道覆盖","Channel Override"
"乌库普马尔","ucupumar"
"阿萨瓦党","arsa"
"斯威夫特里克","swifterik"
"里法伊","rifai"
"森兰","morirain"
"文档：","Documentation:"
"分支：Master（2.79）","Branch: Master (2.79)"
"分支：","Branch: "
"分支：稳定","Branch: Stable "
"更改分支","Change Branch"
"Ucupaint 已更新","Ucupaint is up to date"
"烘焙所有通道","Bake All Channels"
"重命名树","Rename Tree"
"重复材料和","Duplicate Material and "
"活动树：","Active Tree:"
"选项：","Option:"
"性能选项：","Performance Options:"
"烘焙目标菜单","Bake Target Menu"
"解压为图像","Unpack As Image"
"添加新频道","Add New Channel"
"新频道菜单","New Channel Menu"
"RGB","RGB"
"添加新图层","Add New Layer"
"新建图层菜单","New Layer Menu"
"新图片","New Image"
"打开图片","Open Image"
"打开可用图像","Open Available Image"
"打开图像至单层","Open Images to Single Layer"
"图层组","Layer Group"
"新顶点颜色","New Vertex Color"
"打开可用的顶点颜色","Open Available Vertex Color"
"纯色：","Solid Color:"
"带图像遮罩的纯色","Solid Color w/ Image Mask"
"带顶点颜色遮罩的纯色","Solid Color w/ Vertex Color Mask"
"纯色带颜色ID遮罩","Solid Color w/ Color ID Mask"
"带图像蒙版的背景","Background w/ Image Mask"
"带顶点颜色遮罩的背景","Background w/ Vertex Color Mask"
"矢量位移图像","Vector Displacement Image"
"新建复制图层","New Duplicated Layer"
"带有复制设置的新空白层","New Blank Layer with copied setup"
"生成的层：","Generated Layer:"
"砖","Brick"
"检查器","Checker"
"坡度","Gradient"
"魔法","Magic"
"马斯格雷夫","Musgrave"
"噪音","Noise"
"沃罗诺伊","Voronoi"
"海浪","Wave"
"假灯光","Fake Lighting"
"烘焙为层：","Bake as Layer:"
"尖锐度","Pointiness"
"腔体","Cavity"
"灰尘","Dust"
"油漆基底","Paint Base"
"斜面法线","Bevel Normal"
"斜面灰度","Bevel Grayscale"
"多分辨率 正常","Multires Normal"
"多分辨率位移","Multires Displacement"
"其他物体发射","Other Objects Emission"
"其他物体正常","Other Objects Normal"
"其他对象通道","Other Objects Channels"
"选定顶点","Selected Vertices"
"流动","Flow"
"烘焙图像菜单","Baked Image Menu"
"禁用烘焙图像","Disable Baked Image(s)"
"将所有烘焙图像保存至..","Save All Baked Images to.."
"删除所有烘焙图像","Delete All Baked Images"
"层特殊菜单","Layer Special Menu"
"向上合并图层","Merge Layer Up"
"向下合并层","Merge Layer Down"
"复制空白图层","Duplicate Blank Layer"
"粘贴图层","Paste Layer(s)"
"仅图层查看器","Layer Only Viewer"
"没有活动图像","No active image"
"转移活性层UV","Transfer Active Layer UV"
"传输所有图层和遮罩 UV","Transfer All Layers & Masks UV"
"调整图像大小","Resize Image"
"保存/打包全部","Save/Pack All"
"转换图像","Convert Image"
"将图像转换为菜单","Convert Image to Menu"
"转换成","Convert to "
"转换为标准图像","Convert to standard Image"
"将所有图像图集转换为标准图像","Convert All Image Atlas to standard Images"
"转换为图像图集","Convert to Image Atlas"
"将所有图像转换为图像图集","Convert All Images to Image Atlas"
"UV 特别菜单","UV Special Menu"
"转移紫外线","Transfer UV"
"修改器菜单","Modifier Menu"
"错误：上下文没有父级或修饰符！","ERROR: Context has no parent or modifier!"
"向上移动修改器","Move Modifier Up"
"向下移动修改器","Move Modifier Down"
"移除修改器","Remove Modifier"
"图层列表的快捷方式","Shortcut on layer list"
"蒙版修改器菜单","Mask Modifier Menu"
"错误：上下文没有蒙版、修改器或图层！","ERROR: Context has no mask, modifier, or layer!"
"过渡凹凸菜单","Transition Bump Menu"
"错误：上下文没有父级！","ERROR: Context has no parent!"
"移除过渡凸起","Remove Transition Bump"
"过渡坡道菜单","Transition Ramp Menu"
"解除坡道与通道强度的关联","Unlink Ramp with Channel Intensity"
"移除过渡坡道","Remove Transition Ramp"
"过渡 AO 菜单","Transition AO Menu"
"错误：上下文没有父级或层！","ERROR: Context has no parent or layer!"
"取消 AO 与通道强度的关联","Unlink AO with Channel Intensity"
"移除过渡 AO","Remove Transition AO"
"添加图层蒙版","Add Layer Mask"
"错误：上下文没有层！","ERROR: Context has no layer!"
"图像蒙版：","Image Mask:"
"顶点颜色蒙版：","Vertex Color Mask:"
"生成的蒙版：","Generated Mask:"
"烘焙蒙版：","Bake as Mask:"
"修改器蒙版之间：","Inbetween Modifier Mask:"
"图层蒙版菜单","Layer Mask Menu"
"错误：上下文没有图层或蒙版！","ERROR: Context has no layer or mask!"
"向上移动蒙版","Move Mask Up"
"向下移动蒙版","Move Mask Down"
"合并蒙版","Merge Mask Up"
"合并蒙版","Merge Mask Down"
"烘焙为图像","Bake as Image"
"移除烘焙图像","Remove Baked Image"
"移除蒙版","Remove Mask"
"添加修改器","Add Modifier"
"倒置","Invert"
"斜坡","Ramp"
"曲线","Curve"
"模糊向量","Blur Vector"
"先进的","Advanced"
"烘烤温度图像","Bake Temp Image"
"禁用烘焙临时图像","Disable Baked Temp Image"
"材质特别菜单","Material Special Menu"
"更换频道覆盖菜单","Replace Channel Override Menu"
"更换频道覆盖","Replace Channel Override"
"覆盖类型：","Override Type:"
"使用可用的顶点颜色","Use Available Vertex Color"
"使用图像覆盖：","Override Using Image:"
"使用顶点颜色覆盖：","Override Using Vertex Color:"
"频道特别菜单","Channel Special Menu"
"烘焙通道或添加通道修改器","Bake channel or add channel modifiers"
"烤","Bake "
"实验","Experimental"
"将通道烘焙至顶点颜色（批量处理所有材质）","Bake Channel to Vertex Color (Batch All Materials)"
"图层通道特殊菜单","Layer Channel Special Menu"
"向图层通道添加修改器或效果","Add modifiers or effects to layer channel"
"添加修改器（凹凸）","Add Modifier (Bump)"
"添加修改器（正常）","Add Modifier (Normal)"
"过渡效果","Transition Effects"
"过渡阶段","Transition Bump"
"过渡坡道","Transition Ramp"
"过渡 AO","Transition AO"
"额外道具","Extra Props"
"更改图层类型","Change Layer Type"
"背景","Background"
"团体","Group"
"选项：","Options:"
"烘焙目标选项","Bake Target Options"
"扩展烘焙目标选项","Expand bake target options"
"R 通道","R Channel"
"扩展烘焙目标 R 通道选项","Expand bake target R channel options"
"G 通道","G Channel"
"B通道","B Channel"
"扩展烘焙目标 B 通道选项","Expand bake target B channel options"
"频道","A Channel"
"展开烘焙目标 A 通道选项","Expand bake target A channel options"
"频道选项","Channel Options"
"扩展渠道选项","Expand channel options"
"撞","Bump"
"展开凹凸设置","Expand bump settings"
"强度","Intensity"
"展开强度设置","Expand intensity settings"
"基向量","Base Vector"
"扩展基础向量选项","Expand base vector options"
"展开过渡凹凸设置","Expand transition bump settings"
"展开过渡坡道设置","Expand transition ramp settings"
"展开过渡 AO 设置","Expand transition AO settings"
"位移细分","Displacement Subdivision"
"展开位移细分设置","Expand displacement subdivision settings"
"视差","Parallax"
"展开视差设置","Expand parallax settings"
"Alpha 通道","Channel Alpha"
"展开 alpha 设置","Expand alpha settings"
"烘焙到顶点颜色","Bake to Vertex Color"
"扩展烘焙到顶点颜色设置","Expand bake to vertex color settings"
"输入凸块","Input Bump"
"扩展输入碰撞设置","Expand input bump settings"
"平滑凹凸","Smooth Bump"
"扩展平滑凹凸设置","Expand smooth bump settings"
"输入","Input"
"扩展输入设置","Expand input settings"
"渠道来源","Channel Source"
"展开频道源设置","Expand channel source settings"
"通道法线源","Channel Normal Source"
"展开频道正常源设置","Expand channel normal source settings"
"遮罩通道选项","Mask Channel Options"
"展开蒙版通道选项","Expand mask channel options"
"蒙版选项","Mask Options"
"扩展掩码选项","Expand mask options"
"遮罩通道","Mask Channel"
"扩展蒙版通道","Expand mask channels"
"蒙版源","Mask Source"
"展开掩码源选项","Expand mask source options"
"蒙版向量","Mask Vector"
"扩展蒙版矢量选项","Expand mask vector options"
"图层选项","Layer Options"
"展开图层选项","Expand layer options"
"图层矢量","Layer Vector"
"展开图层矢量选项","Expand layer vector options"
"面具","Masks"
"展开全部遮罩","Expand all masks"
"图层源","Layer Source"
"展开图层源选项","Expand layer source options"
"层通道","Layer Channels"
"展开图层通道","Expand layer channels"
"活动对象","Active Object"
"显示活动对象选项","Show active object options"
"材料","Materials"
"显示材料清单","Show material lists"
"显示频道列表","Show channel lists"
"显示图层列表","Show layer lists"
"显示自定义烘焙目标列表","Show custom bake target lists"
"显示节点统计信息","Show node stats"
"支持","Support"
"表示支持","Show support"
"显示频道切换","Show Channel Toggle"
"显示图层通道切换","Show layer channels toggle"
"展开所有蒙版通道","Expand all mask channels"
"禁用变换 UV 自动更新","Disable Transformed UV Auto Update"
"UV赢了","UV won"
"将图像设为单个用户","Make Images Single User"
"将重复的图像层设为单个用户","Make duplicated image layers single user"
"调用区域获胜","INVOKE_REGION_WIN"
"设置活动顶点颜色","Set Active Vertex Color"
"设置活动顶点颜色","Set active vertex color"
"切换橡皮擦画笔","Toggle Eraser Brush"
"切换橡皮擦画笔","Toggle eraser brush"
"根据顶点颜色选择面","Select Faces based on Vertex Color"
"根据顶点颜色选择面","Select faces based on vertex color"
"取消选择面","Deselect Faces"
"取消选择具有顶点颜色的面","Deselect faces with vertex color"
"顶点颜色使用自定义颜色填充面","Vertex Color Fill Face with Custom Color"
"使用自定义颜色的顶点颜色填充选定的多边形","Fill selected polygon with vertex color with custom color"
"顶点颜色填充","Vertex Color Fill"
"用顶点颜色填充选定的多边形","Fill selected polygon with vertex color"
"未找到顶点颜色！","No vertex color found!"
"积极的： -","Active: -"
"顶点颜色","Vertex Colors"
"填充白色","Fill with White"
"填充黑色","Fill with Black"
"填充颜​​色","Fill with Color"
"模式：","Mode:"
"顶点颜色编辑器","Vertex Color Editor"
"mesh_edit","mesh_edit"
"显示顶点颜色列表","Show Vertex Color List"
"显示顶点颜色列表","Show vertex color list"
"雕刻矢量位移图像","Sculpt Vector Displacement Image"
"雕刻矢量位移图像","Sculpt vector displacement image"
"将雕刻应用于图像","Apply sculpt to image"
"取消雕刻到图像","Cancel Sculpt to Image"
"取消雕刻到图像","Cancel sculpt to image"
"修复不匹配的 VDM UV","Fix Missmatch VDM UV"
"活动 VDM 层的 UV 与活动渲染 UV 不同，请使用此操作符进行修复","Active VDM layer has different UV than the active render UV, use this operator to fix it"